     DATE        TIME   ,  Infosys,Wipro,TATA MOTORS,BAJAJ FINANCE,BANK OF INDIA,BIRLA,BOSCH,HDFC
2021-01-27 11:56:50.171724,1318.1,450.14,270.12,4864.26,50.07,719.48,385.03,15772.01,1453.91
2021-01-27 11:57:01.398985,1318.1,450.14,270.12,4864.26,50.07,719.48,385.03,15772.01,1453.91
2021-01-27 11:57:13.114112,1318.05,450.14,270.13,4864.26,50.07,719.49,385.03,15771.93,1453.91
2021-01-27 11:57:24.085157,1318.05,450.14,270.13,4864.26,50.07,719.49,385.03,15771.93,1453.91
2021-01-27 11:57:35.069122,1318.05,450.14,270.13,4864.26,50.07,719.49,385.03,15772.19,1453.51
2021-01-27 11:57:46.435967,1318.05,450.14,270.12,4864.26,50.07,719.5,385.03,15772.01,1453.54
2021-01-27 11:57:57.417712,1318.05,450.14,270.12,4864.26,50.07,719.5,385.03,15772.01,1453.54
2021-01-27 11:58:08.477463,1318.06,450.14,270.12,4864.26,50.07,719.5,385.03,15772.01,1453.54
2021-01-27 11:58:19.356518,1318.05,450.14,270.12,4864.26,50.07,719.5,385.04,15772.01,1453.54
2021-01-27 11:58:30.359587,1318.05,450.14,270.12,4864.26,50.07,719.5,385.04,15772.19,1453.48
2021-01-27 11:58:41.693321,1318.06,450.14,270.12,4864.28,50.07,719.5,385.04,15772.19,1453.41
2021-01-27 11:58:52.582324,1318.06,450.14,270.12,4864.28,50.07,719.5,385.04,15772.19,1453.41
2021-01-27 11:59:04.577147,1317.42,450.14,270.12,4864.28,50.07,719.5,385.04,15772.19,1453.48
2021-01-27 11:59:15.598332,1317.42,450.14,270.12,4864.28,50.07,719.5,385.04,15772.3,1453.41
2021-01-27 11:59:26.524393,1317.42,450.14,270.12,4864.28,50.07,719.5,385.04,15772.19,1453.48
2021-01-27 11:59:37.464317,1317.42,450.14,270.12,4864.28,50.07,719.5,385.04,15772.3,1453.41
2021-01-27 11:59:48.882175,1317.42,450.14,270.12,4864.28,50.07,719.5,385.04,15772.3,1453.41
2021-01-27 12:00:00.521184,1317.42,450.15,270.12,4864.28,50.07,719.5,385.04,15772.3,1453.09
2021-01-27 12:00:11.734619,1317.42,450.15,270.12,4864.28,50.07,719.5,385.04,15772.3,1453.09
2021-01-27 12:00:22.763930,1317.42,450.15,270.12,4864.28,50.07,719.5,385.04,15772.3,1453.09
2021-01-27 12:00:34.136353,1317.42,450.15,270.12,4864.28,50.07,719.5,385.05,15772.3,1453.09
2021-01-27 12:00:45.729549,1317.42,450.16,270.12,4864.28,50.07,719.5,385.05,15772.3,1453.09
2021-01-27 12:00:56.709219,1317.41,450.16,270.12,4864.28,50.07,719.5,385.05,15772.75,1453.09
2021-01-27 12:01:07.626510,1317.41,450.16,270.12,4864.28,50.07,719.5,385.05,15772.75,1453.09
2021-01-27 12:01:18.661769,1317.41,450.16,270.12,4864.28,50.07,719.5,385.05,15772.75,1453.09
2021-01-27 12:01:29.512750,1317.41,450.16,270.12,4864.28,50.07,719.5,385.05,15772.75,1453.09
2021-01-27 12:01:40.980254,1317.41,450.16,270.11,4864.28,50.07,719.5,385.05,15772.75,1453.09
2021-01-27 12:01:52.272856,1317.41,450.15,270.11,4864.28,50.07,719.5,385.05,15772.75,1453.23
2021-01-27 12:02:04.267127,1317.41,450.15,270.11,4864.25,50.07,719.5,385.05,15772.75,1453.23
2021-01-27 12:02:15.179481,1317.41,450.15,270.11,4864.25,50.07,719.51,385.05,15772.75,1452.98
2021-01-27 12:02:26.332433,1317.41,450.15,270.11,4864.25,50.07,719.5,385.05,15772.75,1452.98
2021-01-27 12:02:37.238892,1317.4,450.15,270.11,4864.25,50.07,719.5,385.06,15772.75,1452.98
2021-01-27 12:02:48.201743,1317.4,450.16,270.11,4864.25,50.07,719.5,385.06,15772.75,1452.98
2021-01-27 12:02:59.983877,1317.4,450.16,270.11,4864.25,50.07,719.5,385.06,15772.82,1452.98
2021-01-27 12:03:11.958959,1317.4,450.16,270.11,4864.25,50.07,719.51,385.06,15773.08,1452.98
2021-01-27 12:03:23.100350,1317.4,450.16,270.11,4864.25,50.07,719.51,385.06,15773.08,1452.98
2021-01-27 12:03:34.171682,1317.4,450.16,270.11,4864.25,50.07,719.51,385.06,15773.08,1452.98
2021-01-27 12:03:45.179937,1317.41,450.16,270.11,4864.25,50.07,719.51,385.06,15773.08,1452.98
2021-01-27 12:03:56.360785,1317.4,450.16,270.11,4864.25,50.07,719.51,385.06,15773.08,1452.91
2021-01-27 12:04:07.980479,1317.4,450.16,270.11,4864.24,50.07,719.51,385.06,15773.08,1452.91
2021-01-27 12:04:19.116737,1317.41,450.16,270.11,4864.24,50.07,719.51,385.06,15773.08,1452.91
2021-01-27 12:04:30.390813,1317.4,450.17,270.11,4864.24,50.07,719.51,385.06,15773.08,1452.91
2021-01-27 12:04:41.269822,1317.4,450.17,270.11,4864.24,50.07,719.51,385.07,15773.08,1452.91
2021-01-27 12:04:52.284295,1317.4,450.17,270.11,4864.24,50.07,719.51,385.06,15773.08,1452.91
2021-01-27 12:05:03.462641,1317.4,450.17,270.11,4864.24,50.07,719.54,385.07,15773.08,1452.91
2021-01-27 12:05:14.554017,1317.4,450.17,270.11,4864.24,50.07,719.54,385.07,15773.14,1452.91
2021-01-27 12:05:25.810679,1317.4,450.17,270.11,4864.25,50.07,719.54,385.07,15773.14,1452.91
2021-01-27 12:05:36.872061,1317.4,450.17,270.11,4864.25,50.07,719.54,385.07,15773.14,1452.91
2021-01-27 12:05:47.687007,1317.4,450.17,270.11,4864.24,50.07,719.54,385.07,15773.14,1452.79
2021-01-27 12:05:58.960500,1317.4,450.17,270.11,4864.24,50.07,719.54,385.07,15773.14,1452.79
2021-01-27 12:06:10.113463,1317.4,450.17,270.11,4864.24,50.07,719.54,385.07,15773.14,1452.79
2021-01-27 12:06:21.098786,1317.39,450.17,270.11,4864.24,50.07,719.54,385.08,15773.14,1452.79
2021-01-27 12:06:32.034952,1317.39,450.17,270.11,4864.24,50.07,719.54,385.08,15773.14,1452.79
2021-01-27 12:06:42.842327,1317.39,450.17,270.11,4864.24,50.07,719.54,385.08,15773.14,1452.79
2021-01-27 12:06:53.791508,1317.39,450.17,270.11,4864.24,50.07,719.55,385.08,15773.14,1452.79
2021-01-27 12:07:05.237797,1317.39,450.17,270.11,4864.24,50.07,719.55,385.08,15773.18,1452.79
2021-01-27 12:07:17.954999,1317.39,450.17,270.1,4864.24,50.07,719.55,385.08,15773.18,1452.79
2021-01-27 12:07:30.514105,1317.39,450.17,270.1,4864.24,50.07,719.55,385.08,15773.18,1452.17
2021-01-27 12:07:42.546669,1317.39,450.17,270.1,4864.23,50.07,719.55,385.08,15773.18,1452.17
2021-01-27 12:07:56.183096,1317.39,450.17,270.1,4864.23,50.07,719.55,385.08,15773.18,1452.17
2021-01-27 12:08:07.134627,1317.39,450.17,270.1,4864.23,50.07,719.55,385.08,15773.18,1452.17
2021-01-27 12:08:18.103183,1317.38,450.18,270.1,4864.23,50.07,719.55,385.08,15773.17,1452.17
2021-01-27 12:08:29.022894,1317.38,450.18,270.1,4864.23,50.07,719.55,385.08,15773.18,1452.17
2021-01-27 12:08:40.021746,1317.38,450.18,270.1,4864.23,50.07,719.54,385.08,15773.17,1452.17
2021-01-27 12:08:50.998309,1317.38,450.18,270.1,4864.23,50.07,719.54,385.09,15773.36,1452.17
2021-01-27 12:09:01.750472,1317.38,450.18,270.1,4864.23,50.07,719.54,385.09,15773.36,1452.17
2021-01-27 12:09:12.545719,1317.38,450.18,270.1,4864.23,50.07,719.54,385.09,15773.36,1452.17
2021-01-27 12:09:23.484960,1317.38,450.18,270.1,4864.19,50.07,719.54,385.09,15773.36,1452.17
2021-01-27 12:09:34.583435,1317.38,450.18,270.1,4864.19,50.07,719.54,385.09,15773.36,1452.05
2021-01-27 12:09:45.521349,1317.38,450.18,270.1,4864.19,50.07,719.54,385.09,15773.36,1452.08
2021-01-27 12:09:56.437728,1317.38,450.18,270.1,4864.19,50.07,719.54,385.09,15773.36,1452.05
2021-01-27 12:10:07.744968,1317.37,450.18,270.1,4864.19,50.07,719.54,385.09,15773.36,1452.05
2021-01-27 12:10:19.407039,1317.37,450.18,270.1,4864.19,50.07,719.54,385.09,15773.38,1452.05
2021-01-27 12:10:30.614132,1317.37,450.19,270.1,4864.19,50.07,719.55,385.09,15773.38,1452.05
2021-01-27 12:10:41.444186,1317.37,450.19,270.1,4864.19,50.07,719.55,385.09,15773.38,1452.05
2021-01-27 12:10:56.140812,1317.37,450.19,270.1,4864.18,50.07,719.55,385.09,15773.38,1452.08
2021-01-27 12:11:07.376766,1317.37,450.19,270.1,4864.19,50.07,719.55,385.09,15773.38,1452.08
2021-01-27 12:11:18.833296,1317.37,450.19,270.1,4864.18,50.07,719.55,385.09,15773.38,1452.08
2021-01-27 12:11:29.734653,1317.37,450.19,270.1,4864.18,50.07,719.55,385.09,15773.43,1452.0
2021-01-27 12:11:40.739751,1317.37,450.19,270.1,4864.18,50.07,719.55,385.09,15773.43,1452.0
2021-01-27 12:11:51.626441,1317.37,450.19,270.1,4864.18,50.07,719.55,385.09,15773.43,1452.0
2021-01-27 12:12:02.447440,1317.37,450.19,270.1,4864.18,50.07,719.55,385.09,15773.43,1452.0
2021-01-27 12:12:13.264108,1317.37,450.19,270.1,4864.18,50.07,719.55,385.09,15773.43,1452.0
2021-01-27 12:12:24.344997,1317.37,450.19,270.1,4864.18,50.07,719.55,385.09,15773.43,1452.0
2021-01-27 12:12:35.270878,1317.37,450.19,270.1,4864.18,50.07,719.55,385.09,15773.43,1452.0
2021-01-27 12:12:46.122108,1317.36,450.19,270.1,4864.18,50.07,719.55,385.09,15773.43,1452.0
2021-01-27 12:12:56.979522,1317.36,450.19,270.1,4864.18,50.07,719.55,385.09,15773.43,1451.86
2021-01-27 12:13:08.027763,1317.36,450.19,270.1,4864.18,50.07,719.55,385.09,15773.49,1451.86
2021-01-27 12:13:18.935350,1317.36,450.19,270.1,4864.18,50.07,719.55,385.09,15773.49,1451.86
2021-01-27 12:13:29.840028,1317.36,450.19,270.1,4864.18,50.07,719.55,385.09,15773.49,1451.86
2021-01-27 12:13:41.059084,1317.36,450.19,270.1,4864.18,50.07,719.55,385.09,15773.78,1451.86
2021-01-27 12:13:51.846432,1317.36,450.19,270.1,4864.18,50.07,719.55,385.09,15773.78,1451.86
2021-01-27 12:14:03.081900,1317.36,450.19,270.1,4864.18,50.07,719.5,385.09,15773.78,1451.86
2021-01-27 12:14:13.979639,1317.36,450.17,270.1,4864.18,50.07,719.5,385.09,15773.78,1451.86
2021-01-27 12:14:24.774385,1317.36,450.17,270.1,4864.18,50.07,719.5,385.09,15773.78,1451.86
2021-01-27 12:14:35.719030,1317.36,450.17,270.1,4864.18,50.07,719.5,385.09,15773.78,1451.86
2021-01-27 12:14:46.526646,1317.36,450.17,270.09,4864.18,50.07,719.5,385.1,15773.78,1451.78
2021-01-27 12:14:57.461717,1317.36,450.17,270.09,4864.15,50.07,719.5,385.1,15773.78,1451.78
2021-01-27 12:15:08.277569,1317.36,450.17,270.09,4864.15,50.07,719.5,385.1,15773.78,1451.78
2021-01-27 12:15:20.375385,1317.36,450.17,270.09,4864.15,50.07,719.5,385.1,15773.78,1451.78
2021-01-27 12:15:31.167892,1317.36,450.17,270.09,4864.15,50.07,719.5,385.1,15773.78,1451.78
2021-01-27 12:15:42.172004,1317.36,450.17,270.09,4864.15,50.07,719.5,385.1,15773.78,1451.72
2021-01-27 12:15:53.197609,1317.34,450.17,270.09,4864.15,50.07,719.46,385.1,15773.78,1451.78
2021-01-27 12:16:04.231128,1317.34,450.13,270.09,4864.15,50.07,719.46,385.1,15773.83,1451.72
2021-01-27 12:16:15.491717,1317.34,450.13,270.09,4864.15,50.07,719.46,385.1,15773.83,1451.72
2021-01-27 12:16:26.281179,1317.34,450.13,270.09,4864.15,50.07,719.46,385.1,15773.83,1451.67
2021-01-27 12:16:37.226482,1317.34,450.13,270.09,4864.15,50.07,719.46,385.1,15773.83,1451.67
2021-01-27 12:16:48.418133,1317.34,450.13,270.09,4864.15,50.07,719.46,385.1,15773.83,1451.67
2021-01-27 12:16:59.389161,1317.34,450.13,270.09,4864.12,50.07,719.46,385.1,15773.83,1451.67
2021-01-27 12:17:11.402823,1317.34,450.13,270.09,4864.12,50.07,719.46,385.1,15773.83,1451.67
2021-01-27 12:17:22.238278,1317.34,450.13,270.09,4864.12,50.07,719.46,385.1,15773.83,1451.67
2021-01-27 12:17:33.601608,1317.32,450.13,270.09,4864.12,50.07,719.46,385.1,15773.83,1451.67
2021-01-27 12:17:44.748447,1317.32,450.12,270.09,4864.12,50.07,719.45,385.1,15774.1,1451.67
2021-01-27 12:17:55.821369,1317.32,450.12,270.09,4864.12,50.07,719.45,385.1,15773.83,1451.67
2021-01-27 12:18:07.864700,1317.32,450.12,270.09,4864.12,50.07,719.45,385.1,15774.1,1451.65
2021-01-27 12:18:19.408014,1317.32,450.12,270.09,4864.07,50.07,719.45,385.11,15774.1,1451.65
2021-01-27 12:18:30.809517,1317.32,450.12,270.09,4864.07,50.07,719.45,385.11,15774.1,1451.65
2021-01-27 12:18:42.700288,1317.32,450.12,270.09,4864.07,50.07,719.45,385.11,15774.1,1451.54
2021-01-27 12:18:54.221702,1317.32,450.12,270.09,4864.07,50.07,719.45,385.11,15774.1,1451.54
2021-01-27 12:19:05.503622,1317.32,450.12,270.09,4864.07,50.07,719.45,385.11,15774.1,1451.54
2021-01-27 12:19:16.721038,1317.32,450.12,270.09,4864.07,50.07,719.45,385.11,15774.1,1451.54
2021-01-27 12:19:28.243809,1317.31,450.12,270.09,4864.07,50.07,719.45,385.11,15774.1,1451.54
2021-01-27 12:19:39.738998,1317.31,450.12,270.09,4863.83,50.07,719.45,385.11,15774.1,1451.54
2021-01-27 12:19:50.751201,1317.31,450.12,270.09,4863.8,50.07,719.45,385.11,15774.1,1451.54
2021-01-27 12:20:01.987539,1317.31,450.12,270.09,4863.8,50.07,719.45,385.11,15774.1,1451.54
2021-01-27 12:20:18.015433,1317.31,450.12,270.09,4863.8,50.07,719.45,385.11,15774.1,1451.54
2021-01-27 12:20:29.149302,1317.31,450.12,270.09,4863.8,50.07,719.45,385.11,15774.1,1451.29
2021-01-27 12:20:40.702726,1317.31,450.12,270.09,4863.8,50.07,719.45,385.11,15774.1,1451.29
2021-01-27 12:20:52.785057,1317.31,450.12,270.09,4863.8,50.07,719.45,385.11,15774.1,1451.29
2021-01-27 12:21:03.873001,1317.31,450.12,270.09,4863.8,50.07,719.45,385.11,15774.1,1451.29
2021-01-27 12:21:15.056131,1317.3,450.12,270.09,4863.83,50.07,719.45,385.11,15774.1,1451.29
2021-01-27 12:21:26.349098,1317.29,450.12,270.09,4863.8,50.07,719.45,385.11,15774.1,1451.29
2021-01-27 12:21:37.370094,1317.29,450.13,270.09,4863.76,50.07,719.43,385.11,15774.1,1451.29
2021-01-27 12:21:48.619909,1317.29,450.12,270.09,4863.76,50.07,719.43,385.11,15774.26,1451.29
2021-01-27 12:21:59.770922,1317.29,450.12,270.09,4863.76,50.07,719.43,385.11,15774.26,1451.29
2021-01-27 12:22:11.251840,1317.29,450.12,270.09,4863.76,50.07,719.43,385.13,15774.26,1451.29
2021-01-27 12:22:23.133101,1317.29,450.13,270.09,4863.76,50.07,719.43,385.13,15774.26,1451.18
2021-01-27 12:22:34.878256,1317.29,450.13,270.09,4863.76,50.07,719.43,385.13,15774.26,1451.18
2021-01-27 12:22:46.613295,1317.29,450.13,270.09,4863.76,50.07,719.43,385.13,15774.26,1451.18
2021-01-27 12:22:57.863901,1317.29,450.13,270.09,4863.74,50.07,719.43,385.13,15774.26,1451.18
2021-01-27 12:23:09.109553,1317.29,450.13,270.09,4863.74,50.07,719.43,385.13,15774.26,1451.18
2021-01-27 12:23:20.218627,1317.29,450.14,270.09,4863.74,50.07,719.41,385.13,15774.47,1451.18
2021-01-27 12:23:31.153445,1317.28,450.14,270.09,4863.74,50.07,719.41,385.13,15774.47,1451.18
2021-01-27 12:23:42.209078,1317.28,450.14,270.09,4863.74,50.07,719.41,385.13,15774.47,1451.18
2021-01-27 12:23:54.529759,1317.28,450.14,270.08,4863.73,50.07,719.41,385.13,15774.47,1451.18
2021-01-27 12:24:05.851484,1317.28,450.14,270.08,4863.74,50.07,719.41,385.13,15774.47,1451.04
2021-01-27 12:24:16.809299,1317.28,450.14,270.08,4863.74,50.07,719.41,385.13,15774.47,1451.04
2021-01-27 12:24:27.923620,1317.28,450.14,270.08,4863.74,50.07,719.41,385.13,15774.47,1451.04
2021-01-27 12:24:39.094142,1317.28,450.14,270.08,4863.74,50.07,719.41,385.13,15774.47,1451.04
2021-01-27 12:24:50.047783,1317.28,450.14,270.08,4863.73,50.07,719.41,385.18,15774.47,1451.1
2021-01-27 12:25:01.189116,1317.28,450.14,270.08,4863.73,50.07,719.41,385.18,15774.47,1451.04
2021-01-27 12:25:12.661355,1317.28,450.14,270.08,4863.72,50.07,719.39,385.18,15774.47,1451.04
2021-01-27 12:25:23.994449,1317.28,450.14,270.08,4863.72,50.07,719.39,385.18,15774.47,1451.04
2021-01-27 12:25:35.092463,1317.27,450.14,270.08,4863.71,50.07,719.39,385.18,15774.5,1451.04
2021-01-27 12:25:46.688966,1317.27,450.14,270.08,4863.71,50.07,719.39,385.18,15774.5,1450.97
2021-01-27 12:25:59.027617,1317.27,450.14,270.08,4863.71,50.07,719.39,385.18,15774.5,1450.97
2021-01-27 12:26:11.376703,1317.27,450.14,270.09,4863.71,50.07,719.38,385.18,15774.53,1450.97
2021-01-27 12:26:23.132696,1317.27,450.14,270.09,4863.71,50.07,719.38,385.18,15774.53,1450.97
2021-01-27 12:26:35.279359,1317.27,450.14,270.08,4863.71,50.07,719.39,385.18,15774.5,1450.97
2021-01-27 12:26:46.334844,1317.27,450.14,270.09,4863.71,50.07,719.38,385.18,15774.53,1450.97
2021-01-27 12:26:57.764365,1317.27,450.14,270.09,4863.71,50.07,719.38,385.18,15774.53,1450.97
2021-01-27 12:27:08.835355,1317.27,450.15,270.08,4863.71,50.07,719.38,385.19,15774.5,1450.97
2021-01-27 12:27:20.947559,1317.26,450.15,270.09,4863.71,50.07,719.38,385.21,15774.53,1450.97
2021-01-27 12:27:32.203024,1317.26,450.15,270.09,4863.71,50.07,719.38,385.21,15774.53,1450.97
2021-01-27 12:27:43.458604,1317.26,450.15,270.09,4863.71,50.07,719.38,385.21,15774.66,1450.97
2021-01-27 12:27:55.700616,1317.26,450.15,270.09,4863.71,50.07,719.38,385.21,15774.66,1450.85
2021-01-27 12:28:07.248381,1317.26,450.15,270.09,4863.71,50.07,719.38,385.21,15774.66,1450.85
2021-01-27 12:28:18.256854,1317.26,450.15,270.09,4863.71,50.07,719.38,385.21,15774.66,1450.85
2021-01-27 12:28:29.351905,1317.26,450.15,270.09,4863.71,50.07,719.38,385.19,15774.66,1450.85
2021-01-27 12:28:40.503279,1317.26,450.15,270.09,4863.71,50.07,719.38,385.27,15774.66,1450.85
2021-01-27 12:28:51.516753,1317.26,450.15,270.09,4863.71,50.07,719.38,385.27,15774.66,1450.85
2021-01-27 12:29:02.824152,1317.25,450.15,270.09,4863.71,50.07,719.38,385.27,15774.66,1450.85
2021-01-27 12:29:14.094248,1317.25,450.15,270.09,4863.71,50.07,719.38,385.27,15774.66,1450.85
2021-01-27 12:29:25.270017,1317.25,450.15,270.11,4863.71,50.07,719.38,385.27,15774.66,1450.85
2021-01-27 12:29:36.528384,1317.25,450.15,270.11,4863.71,50.07,719.38,385.27,15774.66,1450.78
2021-01-27 12:29:49.433025,1317.25,450.15,270.11,4863.71,50.07,719.38,385.24,15776.17,1450.78
2021-01-27 12:30:01.711257,1317.23,450.15,270.11,4863.71,50.07,719.37,385.27,15776.17,1450.78
2021-01-27 12:30:13.985350,1317.25,450.15,270.11,4863.71,50.07,719.37,385.24,15776.17,1450.78
2021-01-27 12:30:25.399578,1317.23,450.15,270.11,4863.71,50.07,719.37,385.24,15776.17,1450.78
2021-01-27 12:30:36.908410,1317.23,450.15,270.11,4863.74,50.07,719.37,385.27,15776.17,1450.78
2021-01-27 12:30:50.184736,1317.23,450.16,270.11,4863.74,50.07,719.37,385.29,15776.17,1450.78
2021-01-27 12:31:01.710968,1317.23,450.16,270.11,4863.74,50.07,719.37,385.29,15776.17,1450.78
2021-01-27 12:31:12.889819,1317.23,450.16,270.11,4863.74,50.07,719.37,385.29,15776.17,1450.78
2021-01-27 12:31:30.901669,1316.99,450.16,270.11,4863.74,50.07,719.38,385.29,15776.17,1450.62
2021-01-27 12:31:42.229954,1317.14,450.16,270.11,4863.74,50.07,719.37,385.29,15776.78,1450.62
2021-01-27 12:31:53.374289,1316.99,450.16,270.11,4863.74,50.07,719.37,385.29,15776.78,1450.62
2021-01-27 12:32:04.840113,1317.14,450.16,270.11,4863.74,50.07,719.37,385.29,15776.78,1450.62
2021-01-27 12:32:16.144547,1317.14,450.16,270.11,4863.74,50.07,719.37,385.29,15776.78,1450.62
2021-01-27 12:32:27.916128,1317.14,450.16,270.11,4863.74,50.07,719.37,385.29,15776.78,1450.62
2021-01-27 12:32:39.168200,1317.14,450.15,270.11,4863.76,50.07,719.37,385.45,15776.78,1450.62
2021-01-27 12:32:50.785061,1317.14,450.15,270.11,4863.76,50.07,719.37,385.45,15776.78,1450.62
2021-01-27 12:33:02.932968,1317.14,450.15,270.11,4863.76,50.07,719.37,385.45,15776.78,1450.62
2021-01-27 12:33:14.129135,1316.92,450.15,270.11,4863.76,50.07,719.37,385.45,15776.78,1450.62
2021-01-27 12:33:46.792506,1316.92,450.15,270.11,4863.76,50.07,719.36,385.45,15777.85,1450.47
2021-01-27 12:33:58.005102,1316.92,450.15,270.11,4863.76,50.07,719.37,385.6,15777.89,1450.47
2021-01-27 12:34:09.006533,1316.92,450.15,270.11,4863.76,50.07,719.37,385.45,15777.85,1450.46
2021-01-27 12:34:19.969081,1316.92,450.15,270.11,4863.76,50.07,719.37,385.45,15777.85,1450.46
2021-01-27 12:34:31.093111,1316.92,450.15,270.11,4863.76,50.07,719.37,385.6,15777.85,1450.46
2021-01-27 12:34:44.334617,1316.9,450.15,270.11,4863.76,50.07,719.37,385.6,15777.85,1450.46
2021-01-27 12:34:55.261908,1316.9,450.15,270.11,4863.76,50.07,719.37,385.6,15777.85,1450.46
2021-01-27 12:35:06.330741,1316.9,450.15,270.11,4863.76,50.07,719.37,385.6,15777.89,1450.46
2021-01-27 12:35:17.268090,1316.87,450.15,270.12,4863.76,50.07,719.37,385.6,15777.85,1450.42
2021-01-27 12:35:28.319377,1316.85,450.15,270.12,4863.76,50.07,719.37,385.6,15778.25,1450.42
2021-01-27 12:35:39.116799,1316.85,450.15,270.12,4863.76,50.07,719.37,385.6,15778.25,1450.42
2021-01-27 12:35:50.825640,1316.87,450.15,270.12,4863.76,50.07,719.36,385.6,15778.25,1450.38
2021-01-27 12:36:02.039736,1316.85,450.15,270.12,4863.76,50.07,719.36,385.6,15778.25,1450.38
2021-01-27 12:36:13.137489,1316.87,450.15,270.12,4863.76,50.07,719.36,385.64,15778.25,1450.38
2021-01-27 12:36:23.943472,1316.85,450.15,270.12,4863.76,50.07,719.36,385.64,15778.25,1450.38
2021-01-27 12:36:35.011555,1316.85,450.15,270.12,4863.76,50.07,719.36,385.64,15778.25,1450.35
2021-01-27 12:36:47.332829,1316.85,450.15,270.12,4863.76,50.07,719.36,385.64,15778.25,1450.35
2021-01-27 12:36:58.995492,1316.83,450.15,270.12,4863.76,50.07,719.36,385.64,15778.25,1450.4
2021-01-27 12:37:10.578962,1316.83,450.15,270.12,4863.76,50.07,719.36,385.64,15778.25,1450.4
2021-01-27 12:37:21.548224,1316.83,450.15,270.12,4863.76,50.07,719.36,385.64,15778.25,1450.4
2021-01-27 12:37:32.949446,1316.83,450.15,270.12,4863.76,50.07,719.36,385.64,15778.25,1450.32
2021-01-27 12:37:44.355469,1316.83,450.15,270.12,4863.76,50.07,719.35,385.67,15778.33,1450.32
2021-01-27 12:37:55.555225,1316.83,450.15,270.12,4863.76,50.07,719.35,385.67,15778.33,1450.32
2021-01-27 12:38:06.693697,1316.83,450.15,270.12,4863.76,50.07,719.35,385.67,15778.33,1450.32
2021-01-27 12:38:18.164526,1316.83,450.15,270.12,4863.76,50.07,719.35,385.67,15778.33,1450.32
2021-01-27 12:38:29.444314,1316.83,450.15,270.12,4863.76,50.07,719.35,385.67,15778.33,1450.32
2021-01-27 12:38:40.842627,1316.83,450.15,270.12,4863.76,50.07,719.35,385.67,15778.33,1450.32
2021-01-27 12:38:52.922923,1316.8,450.15,270.12,4863.76,50.07,719.35,385.67,15778.33,1450.32
2021-01-27 12:39:04.394666,1316.79,450.15,270.12,4863.75,50.07,719.35,385.67,15778.33,1450.32
2021-01-27 12:39:15.716702,1316.79,450.15,270.12,4863.75,50.07,719.35,385.67,15778.33,1450.32
2021-01-27 12:39:27.035496,1316.79,450.15,270.12,4863.75,50.07,719.35,385.67,15778.33,1450.25
2021-01-27 12:39:38.498392,1316.8,450.15,270.12,4863.75,50.07,719.34,385.67,15778.33,1450.21
2021-01-27 12:39:49.689495,1316.8,450.15,270.12,4863.75,50.07,719.34,385.72,15778.73,1450.21
2021-01-27 12:40:00.948945,1316.8,450.15,270.12,4863.75,50.07,719.34,385.72,15778.73,1450.21
2021-01-27 12:40:12.117753,1316.8,450.15,270.12,4863.75,50.07,719.34,385.72,15778.73,1450.21
2021-01-27 12:40:23.224962,1316.75,450.15,270.12,4863.75,50.07,719.34,385.72,15778.73,1450.25
2021-01-27 12:40:34.465503,1316.75,450.15,270.12,4863.75,50.07,719.34,385.72,15778.73,1450.25
2021-01-27 12:40:45.530473,1316.74,450.15,270.12,4863.72,50.07,719.34,385.72,15778.73,1450.21
2021-01-27 12:40:56.756802,1316.76,450.15,270.12,4863.72,50.07,719.34,385.72,15778.73,1450.21
2021-01-27 12:41:07.947238,1316.76,450.15,270.12,4863.72,50.07,719.34,385.72,15778.73,1450.25
2021-01-27 12:41:19.079956,1316.76,450.15,270.12,4863.72,50.07,719.34,385.72,15778.73,1450.13
2021-01-27 12:41:30.163140,1316.76,450.15,270.12,4863.72,50.07,719.34,385.72,15779.02,1450.13
2021-01-27 12:41:41.239936,1316.75,450.15,270.12,4863.72,50.07,719.34,385.75,15779.02,1450.11
2021-01-27 12:41:52.350884,1316.75,450.15,270.12,4863.72,50.07,719.34,385.75,15779.02,1450.11
2021-01-27 12:42:03.475097,1316.76,450.15,270.12,4863.72,50.07,719.34,385.75,15779.02,1450.13
2021-01-27 12:42:14.594503,1316.76,450.15,270.12,4863.72,50.07,719.34,385.75,15779.02,1450.13
2021-01-27 12:42:25.898740,1316.76,450.15,270.12,4863.72,50.07,719.34,385.75,15779.02,1450.13
2021-01-27 12:42:37.429395,1316.71,450.15,270.12,4863.72,50.07,719.34,385.75,15779.02,1450.13
2021-01-27 12:42:49.965667,1316.71,450.15,270.12,4863.72,50.07,719.34,385.75,15779.02,1450.13
2021-01-27 12:43:01.183504,1316.71,450.15,270.12,4863.72,50.07,719.34,385.75,15779.02,1450.11
2021-01-27 12:43:12.542715,1316.71,450.15,270.12,4863.69,50.07,719.34,385.75,15779.02,1450.11
2021-01-27 12:43:23.667293,1316.71,450.15,270.12,4863.69,50.07,719.34,385.81,15779.02,1450.06
2021-01-27 12:43:34.854563,1316.71,450.15,270.12,4863.69,50.07,719.34,385.81,15779.02,1450.06
2021-01-27 12:43:46.353984,1316.71,450.15,270.12,4863.69,50.07,719.34,385.81,15779.07,1450.06
2021-01-27 12:43:57.632946,1316.71,450.15,270.12,4863.69,50.07,719.34,385.81,15779.07,1450.06
2021-01-27 12:44:08.945586,1316.71,450.15,270.12,4863.69,50.07,719.34,385.81,15779.07,1450.06
2021-01-27 12:44:20.039240,1316.71,450.15,270.12,4863.69,50.07,719.34,385.81,15779.07,1450.06
2021-01-27 12:44:31.085164,1316.66,450.15,270.12,4863.69,50.07,719.34,385.81,15779.07,1450.06
2021-01-27 12:44:42.265394,1316.66,450.15,270.12,4863.69,50.07,719.33,385.81,15779.07,1450.06
2021-01-27 12:44:53.817394,1316.66,450.15,270.12,4863.69,50.07,719.33,385.81,15779.07,1450.06
2021-01-27 12:45:05.083325,1316.66,450.15,270.12,4863.68,50.07,719.33,385.81,15779.07,1449.91
2021-01-27 12:45:16.638993,1316.66,450.15,270.12,4863.68,50.07,719.33,385.82,15779.07,1449.89
2021-01-27 12:45:28.136432,1316.66,450.15,270.12,4863.68,50.07,719.33,385.82,15779.07,1449.89
2021-01-27 12:45:39.127190,1316.66,450.15,270.12,4863.68,50.07,719.33,385.82,15779.07,1449.89
2021-01-27 12:45:50.394787,1316.66,450.15,270.12,4863.68,50.07,719.33,385.82,15779.08,1449.89
2021-01-27 12:46:01.759960,1316.66,450.15,270.12,4863.68,50.07,719.33,385.82,15779.2,1449.88
2021-01-27 12:46:12.638936,1316.66,450.15,270.12,4863.68,50.07,719.33,385.82,15779.08,1449.89
2021-01-27 12:46:23.803434,1316.64,450.14,270.12,4863.68,50.07,719.33,385.82,15779.08,1449.89
2021-01-27 12:46:34.467416,1316.64,450.14,270.12,4863.68,50.07,719.33,385.82,15779.08,1449.89
2021-01-27 12:46:45.975605,1316.64,450.14,270.12,4863.68,50.07,719.32,385.83,15779.2,1449.88
2021-01-27 12:46:57.044042,1316.65,450.14,270.12,4863.67,50.07,719.32,385.85,15779.08,1449.88
2021-01-27 12:47:08.159526,1316.64,450.14,270.12,4863.67,50.07,719.32,385.85,15779.08,1449.88
2021-01-27 12:47:19.303890,1316.64,450.14,270.12,4863.67,50.07,719.32,385.85,15779.08,1449.88
2021-01-27 12:47:31.976299,1316.64,450.14,270.12,4863.67,50.07,719.32,385.85,15779.2,1449.88
2021-01-27 12:47:43.209540,1316.64,450.14,270.12,4863.67,50.07,719.32,385.85,15779.2,1449.77
2021-01-27 12:47:54.378658,1316.64,450.15,270.12,4863.67,50.07,719.32,385.85,15779.2,1449.77
2021-01-27 12:48:05.416863,1316.61,450.15,270.12,4863.67,50.07,719.32,385.85,15780.01,1449.77
2021-01-27 12:48:16.752880,1316.61,450.14,270.12,4863.67,50.07,719.32,385.85,15780.01,1449.77
2021-01-27 12:48:27.890021,1316.61,450.14,270.12,4863.68,50.07,719.3,385.85,15780.01,1449.7
2021-01-27 12:48:39.024165,1316.61,450.14,270.12,4863.67,50.07,719.3,385.85,15780.01,1449.77
2021-01-27 12:48:50.251251,1316.61,450.14,270.12,4863.67,50.07,719.3,385.89,15780.01,1449.77
2021-01-27 12:49:01.142543,1316.61,450.14,270.12,4863.67,50.07,719.3,385.89,15780.01,1449.77
2021-01-27 12:49:12.349643,1316.61,450.14,270.12,4863.67,50.07,719.3,385.89,15780.01,1449.77
2021-01-27 12:49:23.948501,1316.61,450.14,270.12,4863.67,50.07,719.3,385.89,15780.02,1449.7
2021-01-27 12:49:35.576338,1316.61,450.14,270.12,4863.67,50.07,719.3,385.89,15780.02,1449.64
2021-01-27 12:49:47.531975,1316.61,450.14,270.12,4863.67,50.07,719.3,385.89,15780.05,1449.64
2021-01-27 12:49:58.857002,1316.58,450.14,270.12,4863.67,50.07,719.3,385.89,15780.05,1449.64
2021-01-27 12:50:10.091084,1316.58,450.14,270.12,4863.67,50.07,719.3,385.89,15780.05,1449.64
2021-01-27 12:50:21.398122,1316.58,450.14,270.12,4863.67,50.07,719.3,385.89,15780.05,1449.64
2021-01-27 12:50:32.379360,1316.58,450.14,270.12,4863.65,50.07,719.3,385.89,15780.05,1449.66
2021-01-27 12:50:43.976217,1316.58,450.13,270.12,4863.65,50.07,719.3,385.91,15780.05,1449.64
2021-01-27 12:50:55.043258,1316.58,450.13,270.12,4863.65,50.07,719.3,385.91,15780.05,1449.64
2021-01-27 12:51:06.540182,1316.58,450.13,270.12,4863.65,50.07,719.3,385.91,15780.05,1449.64
2021-01-27 12:51:17.702306,1316.58,450.13,270.12,4863.65,50.07,719.3,385.91,15780.05,1449.59
2021-01-27 12:51:29.310156,1316.58,450.13,270.12,4863.65,50.07,719.3,385.91,15780.05,1449.59
2021-01-27 12:51:40.359352,1316.56,450.13,270.12,4863.65,50.07,719.3,385.91,15780.05,1449.59
2021-01-27 12:51:51.592435,1316.56,450.13,270.12,4863.65,50.07,719.3,385.91,15780.08,1449.59
2021-01-27 12:52:03.021397,1316.55,450.13,270.12,4863.65,50.07,719.3,385.91,15780.08,1449.59
2021-01-27 12:52:14.325435,1316.56,450.13,270.12,4863.65,50.07,719.3,385.91,15780.08,1449.59
2021-01-27 12:52:25.346651,1316.55,450.13,270.12,4863.65,50.07,719.3,385.91,15780.08,1449.55
2021-01-27 12:52:36.373858,1316.56,450.13,270.12,4863.64,50.07,719.3,385.92,15780.09,1449.49
2021-01-27 12:52:47.480018,1316.51,450.13,270.12,4863.64,50.07,719.3,385.92,15780.08,1449.59
2021-01-27 12:52:58.510228,1316.51,450.13,270.12,4863.64,50.07,719.3,385.92,15780.08,1449.59
2021-01-27 12:53:09.429503,1316.51,450.13,270.12,4863.64,50.07,719.3,385.92,15780.08,1449.49
2021-01-27 12:53:20.530322,1316.51,450.13,270.12,4863.64,50.07,719.3,385.92,15780.08,1449.55
2021-01-27 12:53:32.019489,1316.51,450.13,270.12,4863.64,50.07,719.3,385.92,15780.08,1449.49
2021-01-27 12:53:42.887780,1316.51,450.13,270.12,4863.64,50.07,719.3,385.92,15780.09,1449.49
2021-01-27 12:53:53.867733,1316.51,450.13,270.12,4863.64,50.07,719.3,385.92,15780.09,1449.49
2021-01-27 12:54:04.673604,1316.51,450.13,270.12,4863.65,50.07,719.3,385.92,15780.09,1449.49
2021-01-27 12:54:15.621276,1316.51,450.13,270.12,4863.65,50.07,719.3,385.92,15780.09,1449.49
2021-01-27 12:54:26.541305,1316.51,450.13,270.12,4863.64,50.07,719.3,385.92,15780.09,1449.49
2021-01-27 12:54:37.450939,1316.51,450.13,270.12,4863.64,50.07,719.3,385.94,15780.09,1449.49
2021-01-27 12:54:48.475492,1316.51,450.13,270.12,4863.64,50.07,719.29,385.94,15780.09,1449.49
2021-01-27 12:54:59.455466,1316.51,450.13,270.12,4863.64,50.07,719.29,385.94,15780.09,1449.47
2021-01-27 12:55:10.355475,1316.51,450.13,270.12,4863.64,50.07,719.29,385.94,15780.09,1449.47
2021-01-27 12:55:21.258966,1316.51,450.13,270.12,4863.64,50.07,719.29,385.94,15780.09,1449.47
2021-01-27 12:55:32.116809,1316.48,450.13,270.12,4863.64,50.07,719.29,385.94,15780.09,1449.47
2021-01-27 12:55:43.177244,1316.48,450.13,270.12,4863.64,50.07,719.29,385.94,15780.18,1449.44
2021-01-27 12:55:54.265816,1316.48,450.13,270.12,4863.64,50.07,719.29,385.94,15780.18,1449.42
2021-01-27 12:56:05.438500,1316.48,450.12,270.12,4863.64,50.07,719.29,385.94,15780.18,1449.42
2021-01-27 12:56:16.371246,1316.48,450.12,270.12,4863.63,50.07,719.29,385.94,15780.18,1449.44
2021-01-27 12:56:27.418797,1316.48,450.12,270.12,4863.63,50.07,719.29,385.96,15780.18,1449.42
2021-01-27 12:56:38.576689,1316.48,450.12,270.12,4863.63,50.07,719.3,385.96,15780.18,1449.42
2021-01-27 12:56:49.511507,1316.48,450.12,270.12,4863.63,50.07,719.3,385.96,15780.18,1449.42
2021-01-27 12:57:00.860398,1316.48,450.12,270.12,4863.63,50.07,719.3,385.96,15780.18,1449.42
2021-01-27 12:57:11.770945,1316.48,450.12,270.12,4863.63,50.07,719.3,385.96,15780.18,1449.42
2021-01-27 12:57:22.762145,1316.37,450.12,270.12,4863.63,50.07,719.3,385.96,15780.27,1449.31
2021-01-27 12:57:33.663994,1316.37,450.12,270.12,4863.63,50.07,719.3,385.96,15780.27,1449.31
2021-01-27 12:57:44.608390,1316.37,450.12,270.12,4863.63,50.07,719.3,385.96,15780.27,1449.31
2021-01-27 12:57:55.601041,1316.37,450.11,270.12,4863.63,50.07,719.3,385.96,15780.27,1449.31
2021-01-27 12:58:06.546914,1316.37,450.11,270.12,4863.62,50.07,719.3,385.97,15780.27,1449.31
2021-01-27 12:58:17.692770,1316.37,450.11,270.12,4863.62,50.07,719.3,385.97,15780.27,1449.31
2021-01-27 12:58:28.659915,1316.37,450.11,270.12,4863.62,50.07,719.3,385.97,15780.27,1449.31
2021-01-27 12:58:40.318561,1316.37,450.11,270.12,4863.62,50.07,719.3,385.97,15780.27,1449.31
2021-01-27 12:58:51.287033,1316.37,450.11,270.12,4863.62,50.07,719.3,385.97,15780.27,1449.23
2021-01-27 12:59:02.202595,1316.37,450.11,270.12,4863.62,50.07,719.3,385.97,15780.27,1449.23
2021-01-27 12:59:13.210997,1316.33,450.11,270.12,4863.62,50.07,719.3,385.97,15780.46,1449.23
2021-01-27 12:59:24.781529,1316.32,450.11,270.12,4863.62,50.07,719.3,385.97,15780.46,1449.23
2021-01-27 12:59:35.648437,1316.33,450.11,270.12,4863.62,50.07,719.3,385.97,15780.46,1449.23
2021-01-27 12:59:47.639585,1316.33,450.11,270.12,4863.62,50.07,719.3,385.97,15780.46,1449.23
2021-01-27 12:59:58.589439,1316.32,450.1,270.12,4863.62,50.07,719.3,385.98,15780.46,1449.23
2021-01-27 13:00:09.773173,1316.32,450.1,270.12,4863.62,50.07,719.3,385.98,15780.46,1449.23
2021-01-27 13:00:20.652522,1316.32,450.1,270.12,4863.62,50.07,719.3,385.98,15780.46,1449.23
2021-01-27 13:00:31.747748,1316.32,450.1,270.12,4863.62,50.07,719.3,385.98,15780.46,1449.23
2021-01-27 13:00:42.773239,1316.32,450.1,270.12,4863.62,50.07,719.3,385.98,15780.46,1449.14
2021-01-27 13:00:54.076044,1316.28,450.1,270.12,4863.62,50.07,719.3,385.98,15780.67,1449.14
2021-01-27 13:01:04.934651,1316.28,450.1,270.12,4863.62,50.07,719.3,385.98,15780.67,1449.14
2021-01-27 13:01:15.859222,1316.28,450.1,270.12,4863.62,50.07,719.3,385.98,15780.67,1449.14
2021-01-27 13:01:26.791850,1316.28,450.1,270.12,4863.62,50.07,719.3,385.98,15780.67,1449.14
2021-01-27 13:01:37.657299,1316.28,450.1,270.12,4863.64,50.07,719.3,385.98,15780.67,1449.14
2021-01-27 13:01:48.678792,1316.28,450.1,270.12,4863.64,50.07,719.3,385.99,15780.67,1448.94
2021-01-27 13:01:59.914797,1316.28,450.1,270.12,4863.64,50.07,719.3,385.98,15780.75,1448.94
2021-01-27 13:02:10.923593,1316.28,450.1,270.12,4863.64,50.07,719.3,385.99,15780.75,1448.94
2021-01-27 13:02:21.928211,1316.28,450.1,270.12,4863.64,50.07,719.3,385.99,15780.67,1448.94
2021-01-27 13:02:32.943329,1316.28,450.1,270.12,4863.64,50.07,719.3,385.99,15780.75,1448.94
2021-01-27 13:02:43.896567,1316.28,450.1,270.12,4863.64,50.07,719.3,385.99,15780.75,1448.86
2021-01-27 13:02:54.811543,1316.28,450.1,270.12,4863.64,50.07,719.3,385.99,15780.75,1448.86
2021-01-27 13:03:05.669920,1316.26,450.1,270.12,4863.64,50.07,719.3,385.99,15780.75,1448.94
2021-01-27 13:03:16.652135,1316.26,450.1,270.13,4863.64,50.07,719.3,385.99,15780.75,1448.86
2021-01-27 13:03:27.586020,1316.26,450.1,270.13,4863.64,50.07,719.3,385.99,15780.75,1448.94
2021-01-27 13:03:38.496541,1316.26,450.1,270.13,4863.64,50.07,719.3,385.99,15780.75,1448.74
2021-01-27 13:03:49.490230,1316.26,450.1,270.13,4863.64,50.07,719.3,385.99,15780.75,1448.86
2021-01-27 13:04:00.505000,1316.26,450.1,270.13,4863.64,50.07,719.3,386.01,15780.8,1448.74
2021-01-27 13:04:11.476099,1316.26,450.1,270.13,4863.64,50.07,719.3,386.01,15780.78,1448.86
2021-01-27 13:04:22.606013,1316.26,450.1,270.13,4863.64,50.07,719.3,386.01,15780.78,1448.74
2021-01-27 13:04:33.401572,1316.26,450.1,270.13,4863.64,50.07,719.3,386.01,15780.8,1448.74
2021-01-27 13:04:44.310045,1316.26,450.1,270.13,4863.63,50.07,719.3,386.01,15780.81,1448.74
2021-01-27 13:04:55.624554,1316.26,450.1,270.13,4863.64,50.07,719.3,386.01,15780.8,1448.74
2021-01-27 13:05:06.853854,1316.26,450.1,270.13,4863.63,50.07,719.3,386.01,15780.8,1448.74
2021-01-27 13:05:17.913878,1316.24,450.1,270.13,4863.63,50.07,719.3,386.01,15780.8,1448.74
2021-01-27 13:05:28.903502,1316.24,450.1,270.13,4863.63,50.07,719.3,386.01,15780.81,1448.74
2021-01-27 13:05:40.050093,1316.24,450.1,270.13,4863.63,50.07,719.3,386.01,15780.81,1448.74
2021-01-27 13:05:51.210631,1316.24,450.1,270.13,4863.63,50.07,719.29,386.02,15780.95,1448.74
2021-01-27 13:06:02.410825,1316.24,450.1,270.13,4863.62,50.07,719.29,386.02,15780.81,1448.6
2021-01-27 13:06:13.315356,1316.24,450.1,270.13,4863.62,50.07,719.29,386.02,15780.95,1448.6
2021-01-27 13:06:24.183130,1316.24,450.1,270.13,4863.62,50.07,719.29,386.02,15780.95,1448.6
2021-01-27 13:06:35.395520,1316.24,450.1,270.13,4863.62,50.07,719.29,386.02,15780.95,1448.6
2021-01-27 13:06:46.408521,1316.24,450.1,270.13,4863.62,50.07,719.29,386.02,15780.95,1448.6
2021-01-27 13:06:57.316546,1316.24,450.1,270.13,4863.62,50.06,719.29,386.02,15780.95,1448.6
2021-01-27 13:07:08.317553,1316.23,450.1,270.13,4863.62,50.07,719.29,386.02,15780.95,1448.6
2021-01-27 13:07:19.238048,1316.23,450.09,270.13,4863.62,50.07,719.29,386.02,15780.95,1448.6
2021-01-27 13:07:30.643835,1316.22,450.09,270.13,4863.61,50.06,719.3,386.02,15780.95,1448.6
2021-01-27 13:07:42.918104,1316.22,450.09,270.13,4863.61,50.06,719.3,386.01,15780.97,1448.6
2021-01-27 13:07:54.286486,1316.22,450.09,270.13,4863.61,50.06,719.3,386.01,15780.97,1448.6
2021-01-27 13:08:05.228806,1316.22,450.09,270.13,4863.58,50.06,719.3,386.01,15780.97,1448.6
2021-01-27 13:08:17.729452,1316.22,450.09,270.13,4863.58,50.04,719.3,386.01,15780.97,1448.6
2021-01-27 13:08:28.713991,1316.22,450.09,270.13,4863.58,50.04,719.3,386.01,15780.97,1448.43
2021-01-27 13:08:40.772187,1316.21,450.09,270.13,4863.58,50.04,719.3,386.01,15780.97,1448.43
2021-01-27 13:08:51.757446,1316.21,450.09,270.13,4863.58,50.04,719.29,386.01,15780.97,1448.43
2021-01-27 13:09:02.652638,1316.21,450.09,270.13,4863.58,50.04,719.29,386.01,15780.97,1448.43
2021-01-27 13:09:13.914562,1316.21,450.09,270.13,4863.58,50.04,719.29,386.01,15780.97,1448.43
2021-01-27 13:09:24.872210,1316.21,450.09,270.13,4863.58,50.04,719.3,386.01,15781.11,1448.43
2021-01-27 13:09:36.123337,1316.21,450.09,270.13,4863.58,50.04,719.29,386.0,15781.11,1448.43
2021-01-27 13:09:47.257765,1316.21,450.09,270.13,4863.58,50.04,719.29,386.0,15781.11,1448.43
2021-01-27 13:09:58.429603,1316.21,450.09,270.13,4863.56,50.04,719.29,386.0,15781.11,1448.43
2021-01-27 13:10:09.361631,1316.21,450.09,270.13,4863.56,50.04,719.29,386.0,15781.11,1448.43
2021-01-27 13:10:20.711395,1316.21,450.09,270.13,4863.56,50.04,719.29,386.0,15781.16,1448.43
2021-01-27 13:10:31.971378,1316.16,450.09,270.13,4863.56,50.04,719.29,386.0,15781.16,1448.35
2021-01-27 13:10:43.469365,1316.16,450.09,270.13,4863.56,50.04,719.29,386.0,15781.16,1448.35
2021-01-27 13:10:54.400514,1316.16,450.09,270.13,4863.56,50.04,719.29,386.0,15781.16,1448.35
2021-01-27 13:11:05.267306,1316.16,450.09,270.13,4863.56,50.04,719.29,386.0,15781.16,1448.35
2021-01-27 13:11:16.309985,1316.16,450.09,270.13,4863.56,50.04,719.29,386.0,15781.16,1448.35
2021-01-27 13:11:28.002451,1316.16,450.09,270.13,4863.56,50.04,719.29,385.99,15781.16,1448.35
2021-01-27 13:11:39.453460,1316.16,450.09,270.13,4863.55,50.04,719.29,385.98,15781.16,1448.35
2021-01-27 13:11:50.879956,1316.16,450.09,270.13,4863.55,50.04,719.29,385.98,15781.16,1448.35
2021-01-27 13:12:01.683233,1316.16,450.09,270.13,4863.55,50.04,719.29,385.98,15781.16,1448.35
2021-01-27 13:12:12.750785,1316.16,450.09,270.13,4863.55,50.04,719.29,385.98,15781.19,1448.35
2021-01-27 13:12:23.714422,1316.16,450.09,270.13,4863.55,50.04,719.29,385.98,15781.16,1448.25
2021-01-27 13:12:35.860224,1316.14,450.09,270.12,4863.55,50.04,719.29,385.98,15781.19,1448.25
2021-01-27 13:12:47.081805,1316.14,450.08,270.12,4863.55,50.04,719.29,385.98,15781.19,1448.29
2021-01-27 13:12:58.067817,1316.14,450.08,270.12,4863.55,50.04,719.29,385.98,15781.19,1448.29
2021-01-27 13:13:08.902483,1316.14,450.08,270.12,4863.55,50.04,719.29,385.98,15781.19,1448.29
2021-01-27 13:13:19.966357,1316.14,450.08,270.12,4863.55,50.04,719.29,385.98,15781.19,1448.25
2021-01-27 13:13:30.883579,1316.14,450.08,270.12,4863.54,50.04,719.29,385.98,15781.19,1448.25
2021-01-27 13:13:42.186158,1316.14,450.08,270.12,4863.54,50.04,719.29,385.98,15781.19,1448.29
2021-01-27 13:13:52.987374,1316.14,450.08,270.12,4863.54,50.04,719.29,385.98,15781.26,1448.29
2021-01-27 13:14:04.160394,1316.14,450.08,270.12,4863.54,50.04,719.29,385.98,15781.26,1448.16
2021-01-27 13:14:15.290110,1316.14,450.08,270.12,4863.54,50.04,719.29,385.98,15781.19,1448.25
2021-01-27 13:14:26.307499,1316.12,450.08,270.12,4863.54,50.04,719.29,385.98,15781.26,1448.16
2021-01-27 13:14:37.644267,1316.12,450.08,270.12,4863.54,50.04,719.29,385.98,15781.26,1448.16
2021-01-27 13:14:49.064428,1316.12,450.08,270.12,4863.54,50.04,719.29,385.98,15781.26,1448.16
2021-01-27 13:15:00.272525,1316.12,450.08,270.12,4863.54,50.04,719.29,385.98,15781.26,1448.16
2021-01-27 13:15:11.187899,1316.12,450.08,270.12,4863.54,50.04,719.29,385.98,15781.26,1448.16
2021-01-27 13:15:23.242478,1316.12,450.08,270.12,4863.54,50.04,719.29,385.98,15781.26,1448.16
2021-01-27 13:15:34.470072,1316.12,450.08,270.12,4863.54,50.04,719.29,385.98,15781.26,1448.16
2021-01-27 13:15:45.403212,1316.12,450.08,270.12,4863.54,50.04,719.29,385.98,15781.26,1448.16
2021-01-27 13:15:56.330739,1316.12,450.08,270.12,4863.54,50.04,719.29,385.98,15781.28,1448.12
2021-01-27 13:16:07.494237,1316.1,450.08,270.12,4863.54,50.04,719.29,385.98,15781.28,1448.12
2021-01-27 13:16:18.242726,1316.1,450.08,270.12,4863.54,50.04,719.29,385.98,15781.28,1448.12
2021-01-27 13:16:29.164975,1316.1,450.08,270.12,4863.54,50.04,719.29,385.98,15781.28,1448.12
2021-01-27 13:16:40.075225,1316.09,450.07,270.12,4863.54,50.04,719.29,385.98,15781.28,1448.11
2021-01-27 13:16:51.292672,1316.1,450.08,270.12,4863.54,50.04,719.29,385.98,15781.28,1448.12
2021-01-27 13:17:02.269628,1316.09,450.07,270.12,4863.53,50.04,719.29,385.98,15781.28,1448.11
2021-01-27 13:17:13.288872,1316.1,450.07,270.12,4863.53,50.04,719.29,385.98,15781.28,1448.11
2021-01-27 13:17:24.281427,1316.1,450.08,270.12,4863.53,50.04,719.29,385.98,15781.28,1448.12
2021-01-27 13:17:35.657925,1316.1,450.07,270.12,4863.53,50.04,719.29,385.98,15781.28,1448.11
2021-01-27 13:17:46.654286,1316.09,450.07,270.12,4863.53,50.04,719.29,385.98,15781.29,1448.11
2021-01-27 13:17:58.227705,1316.07,450.07,270.12,4863.53,50.04,719.29,385.98,15781.28,1448.12
2021-01-27 13:18:09.167720,1316.08,450.07,270.12,4863.53,50.04,719.29,385.98,15781.28,1448.04
2021-01-27 13:18:20.344144,1316.08,450.07,270.12,4863.53,50.04,719.29,385.98,15781.28,1448.04
2021-01-27 13:18:31.299390,1316.08,450.07,270.12,4863.53,50.04,719.29,385.98,15781.29,1448.04
2021-01-27 13:18:42.592032,1316.08,450.07,270.12,4863.52,50.04,719.29,385.98,15781.28,1448.04
2021-01-27 13:18:53.929693,1316.08,450.07,270.12,4863.52,50.04,719.29,385.98,15781.28,1448.04
2021-01-27 13:19:04.774917,1316.08,450.07,270.12,4863.52,50.04,719.29,385.98,15781.28,1448.04
2021-01-27 13:19:15.698112,1316.08,450.07,270.12,4863.52,50.04,719.29,385.98,15781.28,1448.04
2021-01-27 13:19:26.582325,1316.08,450.07,270.12,4863.52,50.04,719.29,385.98,15781.39,1448.02
2021-01-27 13:19:37.535484,1316.08,450.07,270.12,4863.52,50.04,719.29,385.98,15781.39,1448.02
2021-01-27 13:19:48.587196,1316.06,450.07,270.12,4863.52,50.04,719.29,385.98,15781.39,1448.02
2021-01-27 13:19:59.626613,1316.06,450.07,270.12,4863.52,50.04,719.29,385.98,15781.39,1448.02
2021-01-27 13:20:10.504891,1316.06,450.07,270.12,4863.52,50.04,719.29,385.98,15781.39,1448.02
2021-01-27 13:20:21.485130,1316.06,450.07,270.12,4863.52,50.04,719.3,385.98,15781.39,1448.02
2021-01-27 13:20:32.447379,1316.06,450.07,270.12,4863.52,50.04,719.3,385.98,15781.39,1448.02
2021-01-27 13:20:43.624497,1316.06,450.07,270.12,4863.52,50.04,719.3,385.98,15781.39,1448.02
2021-01-27 13:20:54.876567,1316.06,450.07,270.12,4863.52,50.04,719.3,385.98,15781.39,1448.02
2021-01-27 13:21:05.857806,1316.06,450.07,270.12,4863.52,50.04,719.3,385.98,15781.49,1448.02
2021-01-27 13:21:16.760093,1316.06,450.07,270.12,4863.51,50.04,719.3,385.98,15781.49,1448.0
2021-01-27 13:21:27.725829,1316.06,450.07,270.12,4863.52,50.04,719.3,385.98,15781.49,1447.97
2021-01-27 13:21:38.835416,1316.06,450.07,270.12,4863.52,50.04,719.3,385.98,15781.49,1447.97
2021-01-27 13:21:49.847114,1316.03,450.07,270.12,4863.52,50.04,719.3,385.98,15781.49,1447.97
2021-01-27 13:22:02.385569,1316.03,450.07,270.12,4863.51,50.04,719.31,385.98,15781.49,1447.95
2021-01-27 13:22:13.628682,1316.03,450.07,270.12,4863.52,50.04,719.3,385.98,15781.49,1447.95
2021-01-27 13:22:24.562099,1316.03,450.06,270.12,4863.52,50.04,719.31,385.98,15781.49,1447.95
2021-01-27 13:22:35.567019,1316.03,450.06,270.12,4863.52,50.04,719.31,385.98,15781.49,1447.95
2021-01-27 13:22:46.598428,1316.03,450.06,270.12,4863.51,50.04,719.31,385.98,15781.49,1447.95
2021-01-27 13:22:58.000719,1316.03,450.06,270.12,4863.51,50.04,719.31,385.98,15781.5,1447.97
2021-01-27 13:23:09.132978,1316.03,450.06,270.12,4863.51,50.04,719.31,385.98,15781.5,1447.95
2021-01-27 13:23:20.089451,1316.03,450.06,270.12,4863.51,50.04,719.31,385.98,15781.5,1447.91
2021-01-27 13:23:31.053076,1316.03,450.06,270.12,4863.51,50.04,719.31,385.98,15781.5,1447.91
2021-01-27 13:23:41.945696,1316.01,450.06,270.12,4863.51,50.04,719.31,385.98,15781.5,1447.91
2021-01-27 13:23:52.852213,1316.01,450.06,270.12,4863.51,50.04,719.31,385.98,15781.5,1447.91
2021-01-27 13:24:03.808722,1316.01,450.06,270.12,4863.51,50.04,719.31,385.98,15781.5,1447.91
2021-01-27 13:24:14.785541,1316.01,450.06,270.12,4863.51,50.04,719.31,385.98,15781.5,1447.91
2021-01-27 13:24:25.679061,1316.01,450.06,270.12,4863.5,50.04,719.31,385.98,15781.5,1447.91
2021-01-27 13:24:36.604415,1316.01,450.06,270.12,4863.5,50.04,719.31,385.98,15781.48,1447.91
2021-01-27 13:24:47.467536,1316.01,450.06,270.12,4863.5,50.04,719.31,385.98,15781.48,1447.91
2021-01-27 13:24:58.417576,1316.01,450.06,270.12,4863.5,50.04,719.31,385.98,15781.48,1447.87
2021-01-27 13:25:09.431251,1316.01,450.06,270.12,4863.5,50.04,719.31,385.98,15781.48,1447.87
2021-01-27 13:25:20.688297,1316.0,450.06,270.12,4863.5,50.04,719.31,385.98,15781.48,1447.87
2021-01-27 13:25:31.797785,1316.0,450.06,270.12,4863.5,50.04,719.31,385.98,15781.48,1447.87
2021-01-27 13:25:42.664778,1315.99,450.06,270.12,4863.5,50.04,719.31,385.98,15781.48,1447.87
2021-01-27 13:25:53.516061,1315.99,450.06,270.12,4863.5,50.04,719.32,385.98,15781.48,1447.87
2021-01-27 13:26:04.531649,1315.99,450.06,270.12,4863.42,50.04,719.32,385.98,15781.48,1447.85
2021-01-27 13:26:15.552719,1315.99,450.06,270.12,4863.42,50.04,719.32,385.98,15781.48,1447.87
2021-01-27 13:26:26.531068,1316.0,450.06,270.12,4863.42,50.04,719.32,385.98,15781.48,1447.87
2021-01-27 13:26:37.389014,1316.0,450.06,270.12,4863.42,50.04,719.32,385.98,15781.46,1447.87
2021-01-27 13:26:48.345078,1316.0,450.06,270.12,4863.42,50.04,719.32,385.98,15781.46,1447.87
2021-01-27 13:26:59.593828,1316.0,450.06,270.12,4863.42,50.04,719.32,385.98,15781.46,1447.82
2021-01-27 13:27:10.483849,1315.99,450.06,270.12,4863.42,50.04,719.32,385.98,15781.46,1447.82
2021-01-27 13:27:21.682661,1315.98,450.06,270.12,4863.42,50.04,719.32,385.98,15781.46,1447.82
2021-01-27 13:27:32.523239,1315.98,450.06,270.12,4863.42,50.04,719.32,385.98,15781.46,1447.82
2021-01-27 13:27:43.725366,1315.98,450.06,270.12,4863.42,50.04,719.32,385.98,15781.46,1447.82
2021-01-27 13:27:54.715805,1315.98,450.06,270.12,4863.37,50.04,719.32,385.98,15781.46,1447.82
2021-01-27 13:28:05.752625,1315.98,450.06,270.12,4863.38,50.04,719.32,385.98,15781.46,1447.82
2021-01-27 13:28:16.639257,1315.98,450.06,270.12,4863.38,50.04,719.32,385.98,15781.46,1447.82
2021-01-27 13:28:27.661395,1315.98,450.06,270.12,4863.38,50.04,719.32,385.98,15781.46,1447.82
2021-01-27 13:28:38.519244,1315.98,450.06,270.12,4863.38,50.04,719.32,385.98,15781.47,1447.82
2021-01-27 13:28:49.503788,1315.98,450.06,270.12,4863.38,50.04,719.32,385.98,15781.47,1447.74
2021-01-27 13:29:00.361784,1315.98,450.06,270.12,4863.38,50.04,719.32,385.98,15781.47,1447.74
2021-01-27 13:29:11.472484,1315.92,450.06,270.12,4863.38,50.04,719.32,385.98,15781.47,1447.74
2021-01-27 13:29:22.279681,1315.92,450.06,270.12,4863.38,50.04,719.32,385.98,15781.47,1447.74
2021-01-27 13:29:33.239368,1315.92,450.06,270.12,4863.35,50.04,719.32,385.98,15781.47,1447.74
2021-01-27 13:29:44.116895,1315.92,450.06,270.12,4863.35,50.04,719.32,385.98,15781.47,1447.74
2021-01-27 13:29:55.077315,1315.92,450.06,270.12,4863.35,50.04,719.32,385.98,15781.47,1447.74
2021-01-27 13:30:06.188846,1315.92,450.06,270.12,4863.35,50.04,719.32,385.98,15781.47,1447.74
2021-01-27 13:30:17.149115,1315.92,450.06,270.12,4863.35,50.04,719.32,385.98,15781.47,1447.74
2021-01-27 13:30:28.090804,1315.92,450.06,270.12,4863.34,50.04,719.33,385.98,15781.47,1447.76
2021-01-27 13:30:39.101475,1315.92,450.06,270.12,4863.34,50.04,719.33,385.98,15781.47,1447.76
2021-01-27 13:30:50.088594,1315.92,450.06,270.12,4863.34,50.04,719.33,385.97,15781.47,1447.71
2021-01-27 13:31:01.197892,1315.69,450.06,270.12,4863.35,50.04,719.33,385.97,15781.47,1447.71
2021-01-27 13:31:12.863847,1315.72,450.06,270.12,4863.34,50.04,719.33,385.97,15781.47,1447.71
2021-01-27 13:31:23.759873,1315.72,450.05,270.12,4863.32,50.04,719.33,385.97,15781.47,1447.71
2021-01-27 13:31:34.748370,1315.69,450.06,270.12,4863.32,50.04,719.33,385.97,15781.47,1447.71
2021-01-27 13:31:45.760071,1315.72,450.05,270.12,4863.32,50.04,719.33,385.97,15781.47,1447.71
2021-01-27 13:31:56.706072,1315.72,450.05,270.12,4863.32,50.04,719.33,385.97,15781.47,1447.71
2021-01-27 13:32:07.668385,1315.69,450.04,270.12,4863.32,50.04,719.33,385.97,15781.47,1447.71
2021-01-27 13:32:18.908733,1315.72,450.05,270.12,4863.32,50.04,719.33,385.97,15781.47,1447.71
2021-01-27 13:32:29.716780,1315.69,450.04,270.12,4863.32,50.04,719.33,385.97,15781.46,1447.61
2021-01-27 13:32:40.686854,1315.72,450.05,270.12,4863.32,50.04,719.33,385.96,15781.46,1447.61
2021-01-27 13:32:51.754690,1315.61,450.04,270.08,4863.32,50.03,719.33,385.95,15781.46,1447.61
2021-01-27 13:33:02.680594,1315.61,450.04,270.08,4863.32,50.03,719.33,385.95,15781.46,1447.61
2021-01-27 13:33:13.695134,1315.61,450.04,270.08,4863.32,50.03,719.33,385.95,15781.46,1447.61
2021-01-27 13:33:24.572171,1315.61,450.04,270.1,4863.03,50.04,719.33,385.96,15781.46,1447.61
2021-01-27 13:33:35.547806,1315.61,450.04,270.08,4863.03,50.03,719.33,385.95,15781.46,1447.61
2021-01-27 13:33:46.511300,1315.61,450.04,270.08,4863.03,50.03,719.33,385.96,15780.4,1447.61
2021-01-27 13:33:57.373066,1315.61,450.04,270.08,4863.03,50.03,719.33,385.96,15780.4,1447.61
2021-01-27 13:34:08.312726,1315.61,450.04,270.08,4863.03,50.03,719.33,385.96,15780.4,1447.61
2021-01-27 13:34:19.298658,1315.61,450.04,270.08,4863.03,50.03,719.33,385.96,15780.07,1447.61
2021-01-27 13:34:30.418129,1315.61,450.04,270.08,4863.03,50.03,719.33,385.95,15780.07,1447.42
2021-01-27 13:34:41.178463,1315.52,450.04,270.08,4863.03,50.03,719.33,385.95,15780.07,1447.42
2021-01-27 13:34:52.122538,1315.52,450.04,270.08,4863.03,50.03,719.33,385.95,15780.07,1447.42
2021-01-27 13:35:03.105217,1315.52,450.04,270.08,4863.03,50.03,719.33,385.95,15780.07,1447.42
2021-01-27 13:35:14.090301,1315.52,450.04,270.08,4863.03,50.03,719.33,385.95,15780.07,1447.42
2021-01-27 13:35:25.090511,1315.52,450.04,270.08,4862.94,50.03,719.33,385.95,15780.07,1447.42
2021-01-27 13:35:36.007045,1315.52,450.02,270.08,4862.94,50.03,719.33,385.95,15780.07,1447.42
2021-01-27 13:35:47.245207,1315.52,450.02,270.08,4862.94,50.03,719.35,385.95,15780.07,1447.37
2021-01-27 13:35:58.192152,1315.52,450.01,270.08,4862.94,50.03,719.35,385.95,15780.07,1447.37
2021-01-27 13:36:09.389196,1315.52,450.01,270.08,4862.94,50.03,719.35,385.95,15779.98,1447.37
2021-01-27 13:36:20.938239,1315.52,450.01,270.08,4862.94,50.03,719.35,385.95,15779.98,1447.37
2021-01-27 13:36:32.141111,1315.42,450.01,270.08,4862.94,50.03,719.35,385.95,15779.98,1447.37
2021-01-27 13:36:43.007969,1315.42,450.01,270.07,4862.94,50.0,719.35,385.95,15779.98,1447.37
2021-01-27 13:36:54.007360,1315.42,450.01,270.07,4862.94,50.0,719.35,385.95,15779.98,1447.37
2021-01-27 13:37:04.866159,1315.42,450.01,270.07,4862.94,50.0,719.35,385.95,15779.98,1447.37
2021-01-27 13:37:15.852499,1315.42,450.01,270.07,4862.86,50.0,719.35,385.95,15779.98,1447.37
2021-01-27 13:37:27.183794,1315.42,450.01,270.07,4862.88,50.0,719.35,385.95,15779.98,1447.31
2021-01-27 13:37:38.488199,1315.42,450.0,270.07,4862.86,50.0,719.35,385.95,15779.98,1447.31
2021-01-27 13:37:49.443718,1315.42,450.01,270.07,4862.86,50.0,719.3,385.95,15779.76,1447.2
2021-01-27 13:38:00.438315,1315.42,450.01,270.07,4862.86,50.0,719.3,385.95,15779.76,1447.22
2021-01-27 13:38:11.355155,1315.42,450.0,270.07,4862.86,49.99,719.3,385.95,15779.76,1447.2
2021-01-27 13:38:22.357184,1315.34,450.01,270.07,4862.86,50.0,719.3,385.95,15779.76,1447.2
2021-01-27 13:38:33.681334,1315.34,450.0,270.07,4862.86,49.99,719.3,385.95,15779.76,1447.2
2021-01-27 13:38:44.913192,1315.1,450.0,270.07,4862.86,49.99,719.3,385.95,15779.76,1447.2
2021-01-27 13:38:55.761461,1315.34,450.0,270.07,4862.8,49.99,719.3,385.94,15779.76,1447.2
2021-01-27 13:39:06.933036,1315.1,450.0,270.07,4862.8,49.99,719.3,385.94,15779.76,1447.2
2021-01-27 13:39:17.867951,1315.1,450.0,270.07,4862.8,49.99,719.3,385.94,15779.76,1447.2
2021-01-27 13:39:28.692864,1315.34,450.0,270.07,4862.8,49.99,719.29,385.94,15779.76,1447.2
2021-01-27 13:39:40.026072,1315.34,450.0,270.07,4862.8,49.99,719.29,385.94,15779.76,1447.2
2021-01-27 13:39:51.091670,1315.34,450.0,270.07,4862.8,49.99,719.29,385.94,15779.76,1447.08
2021-01-27 13:40:01.926541,1315.34,450.0,270.07,4862.8,49.99,719.29,385.94,15779.76,1447.08
2021-01-27 13:40:13.161351,1314.98,450.0,270.07,4862.8,49.99,719.29,385.94,15779.76,1447.08
2021-01-27 13:40:24.209821,1314.98,450.0,270.06,4862.8,49.99,719.29,385.94,15779.76,1447.08
2021-01-27 13:40:35.408218,1314.98,450.0,270.06,4862.76,49.99,719.29,385.94,15779.76,1447.08
2021-01-27 13:40:46.356877,1314.98,450.0,270.06,4862.76,49.99,719.29,385.94,15779.76,1447.08
2021-01-27 13:40:57.394691,1314.98,450.0,270.06,4862.76,49.99,719.29,385.94,15779.76,1447.08
2021-01-27 13:41:08.331790,1314.98,450.0,270.06,4862.74,49.99,719.29,385.94,15779.52,1447.08
2021-01-27 13:41:19.868910,1314.98,450.0,270.06,4862.76,49.99,719.29,385.94,15779.76,1447.08
2021-01-27 13:41:30.816544,1314.98,449.99,270.06,4862.76,49.99,719.29,385.94,15779.52,1447.08
2021-01-27 13:41:42.079192,1314.98,449.99,270.06,4862.76,49.99,719.29,385.94,15779.76,1446.99
2021-01-27 13:41:53.398623,1314.98,449.99,270.06,4862.74,49.99,719.29,385.94,15779.52,1446.99
2021-01-27 13:42:04.356065,1314.98,449.99,270.06,4862.74,49.99,719.29,385.94,15779.52,1446.99
2021-01-27 13:42:15.271922,1314.98,449.99,270.06,4862.76,49.99,719.29,385.94,15779.52,1447.01
2021-01-27 13:42:26.071784,1314.82,449.99,270.06,4862.76,49.99,719.29,385.94,15779.52,1447.01
2021-01-27 13:42:37.327188,1314.81,449.99,270.06,4862.76,49.99,719.29,385.94,15779.5,1447.01
2021-01-27 13:42:48.609560,1314.82,449.99,270.06,4862.74,49.99,719.29,385.93,15779.52,1447.01
2021-01-27 13:42:59.652871,1314.82,449.99,270.06,4862.74,49.99,719.29,385.93,15779.5,1447.01
2021-01-27 13:43:10.557018,1314.81,449.99,270.06,4862.65,49.99,719.29,385.93,15779.5,1446.99
2021-01-27 13:43:21.423101,1314.82,449.99,270.06,4862.65,49.99,719.29,385.93,15779.5,1446.84
2021-01-27 13:43:32.524154,1314.81,449.99,270.06,4862.65,49.99,719.29,385.93,15779.5,1446.79
2021-01-27 13:43:43.785578,1314.81,449.99,270.06,4862.65,49.99,719.29,385.93,15779.5,1446.79
2021-01-27 13:43:54.745974,1314.81,449.99,270.06,4862.65,49.99,719.29,385.93,15779.5,1446.79
2021-01-27 13:44:05.850207,1314.75,449.99,270.06,4862.65,49.99,719.29,385.93,15779.5,1446.84
2021-01-27 13:44:16.801442,1314.75,449.99,270.06,4862.65,49.99,719.29,385.93,15779.5,1446.84
2021-01-27 13:44:28.117308,1314.75,449.99,270.06,4862.65,49.99,719.29,385.93,15779.5,1446.79
2021-01-27 13:44:39.770714,1314.75,449.99,270.06,4862.65,49.99,719.29,385.93,15779.33,1446.79
2021-01-27 13:44:50.680920,1314.75,449.99,270.06,4862.65,49.99,719.29,385.93,15779.33,1446.79
2021-01-27 13:45:01.835654,1314.75,449.99,270.06,4862.61,49.98,719.29,385.93,15779.33,1446.79
2021-01-27 13:45:13.041591,1314.75,449.99,270.06,4862.61,49.98,719.29,385.93,15779.33,1446.79
2021-01-27 13:45:25.307073,1314.75,449.99,270.06,4862.61,49.98,719.29,385.93,15779.33,1446.61
2021-01-27 13:45:36.916518,1314.74,449.99,270.06,4862.61,49.98,719.29,385.93,15779.33,1446.61
2021-01-27 13:45:47.854106,1314.74,449.99,270.06,4862.61,49.98,719.3,385.93,15779.33,1446.61
2021-01-27 13:45:59.033758,1314.63,449.99,270.06,4862.61,49.98,719.3,385.93,15779.33,1446.61
2021-01-27 13:46:10.228172,1314.63,449.99,270.06,4862.61,49.98,719.3,385.93,15779.33,1446.61
2021-01-27 13:46:21.123436,1314.63,449.99,270.06,4862.62,49.98,719.3,385.93,15779.1,1446.58
2021-01-27 13:46:32.113101,1314.63,449.99,270.06,4862.62,49.98,719.3,385.93,15779.1,1446.58
2021-01-27 13:46:43.748104,1314.63,449.99,270.06,4862.62,49.98,719.3,385.93,15779.1,1446.58
2021-01-27 13:46:54.886901,1314.63,449.99,270.06,4862.61,49.98,719.3,385.93,15779.1,1446.61
2021-01-27 13:47:06.055965,1314.63,449.98,270.06,4862.62,49.98,719.3,385.92,15779.1,1446.4
2021-01-27 13:47:17.196181,1314.63,449.98,270.06,4862.58,49.98,719.3,385.92,15779.1,1446.4
2021-01-27 13:47:28.387236,1314.63,449.98,270.06,4862.58,49.98,719.3,385.92,15778.46,1446.4
2021-01-27 13:47:39.792444,1314.53,449.98,270.06,4862.58,49.98,719.3,385.92,15778.46,1446.4
2021-01-27 13:47:50.871214,1314.53,449.98,270.05,4862.58,49.98,719.3,385.92,15778.46,1446.4
2021-01-27 13:48:01.775778,1314.53,449.98,270.05,4862.58,49.98,719.3,385.92,15778.46,1446.4
2021-01-27 13:48:13.017963,1314.56,449.98,270.05,4862.56,49.98,719.3,385.92,15778.22,1446.4
2021-01-27 13:48:24.863348,1314.53,449.98,270.05,4862.58,49.98,719.3,385.92,15778.46,1446.4
2021-01-27 13:48:36.677471,1314.53,449.98,270.05,4862.58,49.98,719.3,385.92,15778.46,1446.4
2021-01-27 13:48:47.793363,1314.53,449.98,270.05,4862.58,49.98,719.3,385.92,15778.22,1446.31
2021-01-27 13:48:59.453700,1314.56,449.98,270.05,4862.55,49.98,719.3,385.92,15778.22,1446.31
2021-01-27 13:49:10.597743,1314.53,449.98,270.05,4862.55,49.98,719.3,385.92,15778.22,1446.31
2021-01-27 13:49:21.524987,1314.53,449.98,270.05,4862.55,49.98,719.3,385.92,15778.22,1446.31
2021-01-27 13:49:33.248766,1314.43,449.98,270.05,4862.55,49.98,719.3,385.92,15778.22,1446.31
2021-01-27 13:49:44.379754,1314.43,449.98,270.05,4862.55,49.98,719.3,385.92,15778.22,1446.31
2021-01-27 13:49:55.688822,1314.46,449.98,270.05,4862.55,49.98,719.3,385.92,15778.22,1446.31
2021-01-27 13:50:06.729009,1314.43,449.98,270.05,4862.55,49.98,719.3,385.92,15778.22,1446.31
2021-01-27 13:50:18.610405,1314.43,449.98,270.05,4862.55,49.98,719.3,385.92,15778.22,1446.31
2021-01-27 13:50:29.737459,1314.43,449.98,270.05,4862.55,49.98,719.3,385.92,15778.22,1446.31
2021-01-27 13:50:40.768677,1314.41,449.97,270.05,4862.55,49.98,719.3,385.92,15777.61,1446.31
2021-01-27 13:50:52.573143,1314.43,449.97,270.05,4862.53,49.98,719.3,385.92,15777.61,1446.2
2021-01-27 13:51:04.262669,1314.43,449.97,270.05,4862.53,49.98,719.3,385.92,15777.61,1446.2
2021-01-27 13:51:16.255215,1314.41,449.97,270.05,4862.53,49.98,719.3,385.92,15777.61,1446.2
2021-01-27 13:51:27.530499,1314.41,449.97,270.05,4862.53,49.98,719.3,385.92,15777.61,1446.2
2021-01-27 13:51:38.699112,1314.41,449.97,270.05,4862.53,49.98,719.3,385.92,15777.61,1446.2
2021-01-27 13:51:50.480272,1314.41,449.97,270.05,4862.51,49.98,719.3,385.92,15777.61,1446.2
2021-01-27 13:52:01.363863,1314.41,449.97,270.05,4862.53,49.98,719.3,385.92,15777.61,1446.2
2021-01-27 13:52:13.693692,1314.41,449.97,270.05,4862.51,49.98,719.3,385.92,15777.61,1446.2
2021-01-27 13:52:24.777474,1314.34,449.97,270.05,4862.51,49.98,719.3,385.92,15777.61,1446.2
2021-01-27 13:52:35.901824,1314.34,449.97,270.05,4862.49,49.98,719.3,385.92,15777.24,1446.2
2021-01-27 13:52:47.904549,1314.34,449.97,270.05,4862.48,49.98,719.3,385.91,15777.24,1446.2
2021-01-27 13:52:59.570554,1314.34,449.97,270.04,4862.49,49.98,719.3,385.91,15777.24,1446.2
2021-01-27 13:53:10.756999,1314.34,449.97,270.05,4862.48,49.98,719.3,385.91,15777.24,1446.09
2021-01-27 13:53:22.252859,1314.34,449.97,270.04,4862.49,49.98,719.3,385.91,15777.24,1446.09
2021-01-27 13:53:33.445629,1314.34,449.97,270.04,4862.49,49.98,719.3,385.91,15777.24,1446.09
2021-01-27 13:53:44.507053,1314.34,449.97,270.04,4862.48,49.98,719.3,385.91,15777.24,1446.09
2021-01-27 13:53:55.459506,1314.34,449.97,270.04,4862.48,49.98,719.3,385.91,15777.24,1446.09
2021-01-27 13:54:06.656183,1314.34,449.97,270.04,4862.48,49.98,719.3,385.91,15777.24,1446.09
2021-01-27 13:54:18.160569,1314.31,449.97,270.04,4862.48,49.98,719.3,385.91,15776.5,1446.09
2021-01-27 13:54:29.789324,1314.31,449.97,270.04,4862.48,49.98,719.3,385.91,15776.5,1446.09
2021-01-27 13:54:41.579177,1314.31,449.97,270.04,4862.47,49.98,719.3,385.91,15776.5,1446.09
2021-01-27 13:54:53.288572,1314.31,449.96,270.04,4862.47,49.98,719.32,385.91,15776.5,1446.02
2021-01-27 13:55:04.632469,1314.22,449.96,270.04,4862.47,49.98,719.32,385.91,15776.5,1446.02
2021-01-27 13:55:15.687062,1314.22,449.96,270.04,4862.47,49.98,719.32,385.91,15776.5,1446.02
2021-01-27 13:55:26.840982,1314.22,449.96,270.04,4862.47,49.98,719.32,385.91,15776.5,1446.02
2021-01-27 13:55:38.305067,1314.22,449.96,270.04,4862.47,49.98,719.32,385.91,15776.5,1446.02
2021-01-27 13:55:49.280939,1314.22,449.96,270.04,4862.47,49.98,719.32,385.91,15776.5,1446.02
2021-01-27 13:56:00.703714,1314.22,449.96,270.04,4862.47,49.98,719.32,385.91,15776.5,1446.02
2021-01-27 13:56:11.755862,1314.22,449.96,270.04,4862.47,49.98,719.32,385.91,15776.28,1446.02
2021-01-27 13:56:25.278034,1314.22,449.96,270.04,4862.47,49.98,719.32,385.91,15776.28,1446.02
2021-01-27 13:56:36.979311,1314.22,449.96,270.04,4862.46,49.98,719.32,385.91,15776.28,1445.97
2021-01-27 13:56:48.220937,1314.16,449.96,270.04,4862.46,49.98,719.33,385.91,15776.28,1445.97
2021-01-27 13:56:59.246729,1314.16,449.96,270.04,4862.46,49.98,719.33,385.91,15776.28,1445.97
2021-01-27 13:57:10.698102,1314.16,449.96,270.04,4862.46,49.98,719.33,385.91,15776.28,1445.97
2021-01-27 13:57:21.853233,1314.16,449.96,270.04,4862.46,49.98,719.33,385.91,15776.28,1445.97
2021-01-27 13:57:33.151857,1314.16,449.96,270.04,4862.46,49.98,719.33,385.91,15776.28,1445.97
2021-01-27 13:57:45.056109,1314.16,449.96,270.04,4862.46,49.98,719.33,385.91,15776.28,1445.97
2021-01-27 13:57:56.891037,1314.16,449.96,270.04,4862.46,49.98,719.33,385.91,15776.28,1445.97
2021-01-27 13:58:09.534097,1314.16,449.96,270.04,4862.46,49.98,719.33,385.91,15776.28,1445.97
2021-01-27 13:58:20.911116,1314.16,449.96,270.04,4862.46,49.98,719.33,385.91,15776.28,1445.97
2021-01-27 13:58:33.386592,1314.16,449.96,270.04,4862.46,49.98,719.33,385.9,15776.28,1445.82
2021-01-27 13:58:44.557447,1314.04,449.96,270.04,4862.46,49.98,719.36,385.9,15775.19,1445.82
2021-01-27 13:58:56.247075,1314.04,449.96,270.04,4862.46,49.98,719.36,385.9,15775.19,1445.82
2021-01-27 13:59:07.354096,1314.04,449.96,270.04,4862.46,49.98,719.36,385.9,15775.19,1445.82
2021-01-27 13:59:18.348749,1314.04,449.96,270.04,4862.46,49.98,719.36,385.9,15776.22,1445.78
2021-01-27 13:59:29.243817,1314.04,449.96,270.04,4862.46,49.98,719.36,385.9,15775.19,1445.82
2021-01-27 13:59:40.268601,1314.04,449.96,270.04,4862.46,49.98,719.36,385.9,15775.19,1445.78
2021-01-27 13:59:52.648683,1314.04,449.96,270.04,4862.46,49.98,719.36,385.9,15775.19,1445.78
2021-01-27 14:00:03.620603,1314.04,449.96,270.04,4862.46,49.98,719.36,385.9,15776.22,1445.78
2021-01-27 14:00:15.142911,1314.04,449.96,270.04,4862.42,49.98,719.36,385.9,15776.22,1445.78
2021-01-27 14:00:26.322560,1313.99,449.96,270.04,4862.42,49.98,719.36,385.89,15776.22,1445.6
2021-01-27 14:00:38.878703,1314.04,449.96,270.04,4862.41,49.98,719.36,385.89,15774.09,1445.48
2021-01-27 14:00:50.576161,1313.99,449.96,270.03,4862.41,49.98,719.36,385.89,15774.09,1445.48
2021-01-27 14:01:02.099934,1313.99,449.96,270.03,4862.41,49.98,719.36,385.89,15774.09,1445.6
2021-01-27 14:01:13.231047,1313.99,449.96,270.03,4862.41,49.98,719.36,385.89,15774.09,1445.6
2021-01-27 14:01:24.450627,1313.99,449.96,270.03,4862.41,49.98,719.36,385.89,15774.09,1445.48
2021-01-27 14:01:36.475137,1313.99,449.96,270.03,4862.41,49.98,719.36,385.89,15774.09,1445.48
2021-01-27 14:01:47.463040,1313.99,449.95,270.03,4862.41,49.98,719.36,385.89,15774.09,1445.6
2021-01-27 14:01:59.827770,1313.99,449.95,270.03,4862.41,49.98,719.36,385.89,15774.09,1445.6
2021-01-27 14:02:10.878835,1313.99,449.95,270.03,4862.41,49.98,719.36,385.89,15774.09,1445.38
2021-01-27 14:02:22.234352,1313.99,449.95,270.03,4862.41,49.98,719.36,385.89,15774.09,1445.34
2021-01-27 14:02:33.406485,1313.95,449.95,270.03,4862.41,49.98,719.36,385.89,15774.09,1445.34
2021-01-27 14:02:44.941693,1313.95,449.95,270.03,4862.41,49.96,719.36,385.89,15774.09,1445.34
2021-01-27 14:02:56.751547,1313.95,449.95,270.03,4862.41,49.96,719.36,385.89,15774.09,1445.34
2021-01-27 14:03:07.850111,1313.95,449.95,270.03,4862.41,49.96,719.36,385.89,15774.09,1445.34
2021-01-27 14:03:18.865879,1313.95,449.95,270.03,4862.39,49.96,719.36,385.89,15771.77,1445.34
2021-01-27 14:03:30.104647,1313.95,449.95,270.03,4862.39,49.96,719.36,385.88,15771.77,1445.34
2021-01-27 14:03:41.100321,1313.96,449.95,270.03,4862.39,49.96,719.36,385.89,15771.77,1445.34
2021-01-27 14:03:52.083764,1313.96,449.95,270.03,4862.39,49.96,719.36,385.89,15771.77,1445.27
2021-01-27 14:04:03.227674,1313.95,449.95,270.03,4862.39,49.96,719.36,385.89,15771.77,1445.27
2021-01-27 14:04:14.492361,1313.93,449.95,270.03,4862.39,49.96,719.36,385.89,15771.77,1445.27
2021-01-27 14:04:25.574887,1313.93,449.95,270.01,4862.39,49.96,719.37,385.89,15771.77,1445.27
2021-01-27 14:04:36.619069,1313.93,449.95,270.01,4862.39,49.95,719.37,385.89,15771.77,1445.27
2021-01-27 14:04:47.546861,1313.93,449.95,270.01,4862.39,49.95,719.37,385.89,15771.77,1445.27
2021-01-27 14:04:59.123440,1313.93,449.95,270.01,4862.39,49.95,719.37,385.89,15771.77,1445.27
2021-01-27 14:05:10.192272,1313.93,449.95,270.01,4862.37,49.95,719.37,385.88,15771.77,1445.27
2021-01-27 14:05:21.017365,1313.93,449.94,270.01,4862.39,49.95,719.36,385.88,15771.77,1445.17
2021-01-27 14:05:31.999789,1313.93,449.94,270.01,4862.37,49.95,719.36,385.88,15770.71,1445.17
2021-01-27 14:05:43.159049,1313.93,449.94,270.01,4862.37,49.95,719.36,385.88,15770.71,1445.17
2021-01-27 14:05:54.092578,1313.93,449.94,270.01,4862.37,49.95,719.36,385.88,15770.71,1445.17
2021-01-27 14:06:05.816728,1313.89,449.94,270.01,4862.37,49.95,719.36,385.88,15770.71,1445.17
2021-01-27 14:06:16.786476,1313.89,449.94,269.98,4862.37,49.95,719.37,385.88,15767.28,1445.16
2021-01-27 14:06:27.711660,1313.89,449.94,269.98,4862.37,49.95,719.37,385.88,15767.28,1445.16
2021-01-27 14:06:39.041740,1313.89,449.94,269.98,4862.36,49.95,719.38,385.88,15767.28,1445.16
2021-01-27 14:06:50.334941,1313.89,449.94,269.98,4862.37,49.95,719.37,385.88,15767.16,1445.17
2021-01-27 14:07:01.591313,1313.89,449.94,269.98,4862.37,49.95,719.37,385.88,15767.16,1445.17
2021-01-27 14:07:12.576728,1313.89,449.94,269.98,4862.35,49.95,719.38,385.88,15767.28,1445.16
2021-01-27 14:07:23.552337,1313.89,449.94,269.98,4862.35,49.95,719.37,385.87,15767.28,1445.16
2021-01-27 14:07:34.713313,1313.89,449.94,269.98,4862.35,49.95,719.37,385.88,15767.16,1445.03
2021-01-27 14:07:46.358425,1313.87,449.92,269.98,4862.33,49.95,719.37,385.87,15766.08,1445.03
2021-01-27 14:07:57.626139,1313.82,449.92,269.98,4862.35,49.95,719.37,385.88,15767.16,1445.03
2021-01-27 14:08:08.897380,1313.82,449.92,269.98,4862.33,49.95,719.38,385.87,15766.08,1445.03
2021-01-27 14:08:20.301861,1313.82,449.92,269.97,4862.35,49.95,719.38,385.88,15767.16,1445.03
2021-01-27 14:08:31.546462,1313.82,449.92,269.97,4862.35,49.95,719.38,385.88,15765.34,1445.03
2021-01-27 14:08:42.485370,1313.82,449.92,269.97,4862.31,49.95,719.38,385.88,15765.34,1445.03
2021-01-27 14:08:53.576289,1313.82,449.92,269.97,4862.31,49.95,719.38,385.88,15765.34,1445.03
2021-01-27 14:09:04.583772,1313.82,449.92,269.97,4862.31,49.95,719.38,385.88,15765.34,1445.03
2021-01-27 14:09:15.699623,1313.82,449.92,269.97,4862.31,49.95,719.38,385.88,15765.34,1444.96
2021-01-27 14:09:27.424245,1313.82,449.92,269.97,4862.31,49.95,719.38,385.87,15765.34,1444.96
2021-01-27 14:09:38.713028,1313.83,449.92,269.97,4862.29,49.95,719.4,385.87,15765.34,1444.96
2021-01-27 14:09:49.747477,1313.78,449.91,269.97,4862.29,49.95,719.4,385.87,15765.34,1444.96
2021-01-27 14:10:00.841011,1313.78,449.92,269.97,4862.31,49.95,719.4,385.87,15765.34,1444.96
2021-01-27 14:10:12.142135,1313.78,449.91,269.96,4862.31,49.95,719.4,385.87,15765.34,1444.96
2021-01-27 14:10:23.171582,1313.78,449.91,269.96,4862.29,49.95,719.4,385.87,15762.13,1444.96
2021-01-27 14:10:34.496124,1313.78,449.92,269.96,4862.29,49.95,719.4,385.87,15762.13,1444.96
2021-01-27 14:10:45.941119,1313.78,449.92,269.96,4862.29,49.95,719.4,385.87,15762.13,1444.96
2021-01-27 14:10:56.873556,1313.78,449.91,269.96,4862.29,49.95,719.4,385.87,15762.13,1444.96
2021-01-27 14:11:08.098125,1313.78,449.91,269.96,4862.29,49.95,719.4,385.87,15762.13,1444.85
2021-01-27 14:11:20.000300,1313.77,449.91,269.96,4862.29,49.95,719.4,385.87,15762.13,1444.85
2021-01-27 14:11:31.027558,1313.78,449.91,269.96,4862.29,49.95,719.41,385.87,15762.13,1444.87
2021-01-27 14:11:42.265908,1313.75,449.91,269.96,4862.29,49.95,719.41,385.86,15762.13,1444.87
2021-01-27 14:11:53.487881,1313.77,449.91,269.95,4862.29,49.95,719.41,385.87,15762.13,1444.85
2021-01-27 14:12:04.623749,1313.77,449.91,269.95,4862.29,49.95,719.41,385.87,15762.13,1444.85
2021-01-27 14:12:16.329476,1313.75,449.91,269.95,4862.23,49.95,719.41,385.86,15762.13,1444.87
2021-01-27 14:12:28.069968,1313.75,449.91,269.95,4862.23,49.95,719.41,385.87,15760.89,1444.85
2021-01-27 14:12:39.805225,1313.77,449.91,269.95,4862.23,49.95,719.41,385.87,15760.89,1444.85
2021-01-27 14:12:50.997985,1313.75,449.9,269.95,4862.23,49.95,719.41,385.86,15760.89,1444.66
2021-01-27 14:13:02.280970,1313.75,449.9,269.95,4862.23,49.95,719.41,385.86,15760.89,1444.66
2021-01-27 14:13:14.027528,1313.75,449.9,269.95,4862.23,49.95,719.41,385.86,15760.89,1444.66
2021-01-27 14:13:25.175112,1313.75,449.9,269.95,4862.23,49.95,719.42,385.86,15760.89,1444.66
2021-01-27 14:13:36.387092,1313.73,449.9,269.94,4862.23,49.95,719.42,385.83,15760.89,1444.66
2021-01-27 14:13:47.327651,1313.73,449.9,269.94,4862.23,49.95,719.42,385.83,15760.89,1444.66
2021-01-27 14:13:58.244996,1313.72,449.9,269.94,4862.23,49.95,719.42,385.83,15760.89,1444.66
2021-01-27 14:14:09.219396,1313.73,449.9,269.94,4862.08,49.95,719.42,385.83,15760.89,1444.66
2021-01-27 14:14:20.392767,1313.73,449.9,269.94,4862.08,49.95,719.42,385.83,15759.34,1444.66
2021-01-27 14:14:32.074308,1313.73,449.9,269.94,4862.08,49.95,719.42,385.83,15759.34,1444.66
2021-01-27 14:14:43.127211,1313.73,449.9,269.94,4862.08,49.95,719.42,385.83,15759.34,1444.66
2021-01-27 14:14:54.075777,1313.73,449.87,269.94,4862.08,49.95,719.42,385.83,15759.34,1444.53
2021-01-27 14:15:05.282945,1313.72,449.87,269.94,4862.08,49.95,719.42,385.83,15759.34,1444.53
2021-01-27 14:15:16.203814,1313.69,449.87,269.94,4862.08,49.95,719.42,385.83,15759.34,1444.53
2021-01-27 14:15:27.267264,1313.72,449.87,269.94,4862.08,49.95,719.42,385.83,15759.34,1444.53
2021-01-27 14:15:39.304570,1313.69,449.85,269.94,4862.08,49.95,719.42,385.83,15759.34,1444.55
2021-01-27 14:15:50.823451,1313.69,449.87,269.94,4862.09,49.95,719.42,385.83,15759.34,1444.53
2021-01-27 14:16:02.070297,1313.69,449.85,269.94,4862.04,49.95,719.42,385.83,15759.06,1444.55
2021-01-27 14:16:14.291706,1313.67,449.87,269.94,4862.04,49.95,719.42,385.83,15759.06,1444.53
2021-01-27 14:16:25.548530,1313.69,449.85,269.94,4862.04,49.95,719.42,385.83,15759.06,1444.55
2021-01-27 14:16:37.413613,1313.67,449.85,269.94,4862.04,49.95,719.42,385.83,15759.06,1444.39
2021-01-27 14:16:48.914234,1313.69,449.85,269.94,4862.04,49.95,719.42,385.83,15759.06,1444.39
2021-01-27 14:17:00.728902,1313.67,449.82,269.94,4862.04,49.95,719.42,385.83,15759.06,1444.39
2021-01-27 14:17:12.051398,1313.58,449.82,269.94,4862.04,49.94,719.43,385.83,15759.06,1444.39
2021-01-27 14:17:22.935299,1313.62,449.83,269.93,4862.04,49.94,719.43,385.81,15759.06,1444.39
2021-01-27 14:17:33.715187,1313.62,449.82,269.93,4862.04,49.94,719.43,385.81,15759.06,1444.39
2021-01-27 14:17:44.675269,1313.62,449.83,269.93,4861.92,49.94,719.43,385.81,15759.06,1444.39
2021-01-27 14:17:55.732779,1313.62,449.83,269.93,4861.92,49.94,719.43,385.81,15759.06,1444.39
2021-01-27 14:18:07.028196,1313.62,449.83,269.93,4861.92,49.94,719.43,385.81,15758.46,1444.39
2021-01-27 14:18:18.508922,1313.62,449.83,269.93,4861.92,49.94,719.43,385.81,15758.46,1444.14
2021-01-27 14:18:30.019702,1313.58,449.82,269.92,4861.92,49.94,719.43,385.81,15758.05,1444.14
2021-01-27 14:18:41.523605,1313.58,449.83,269.93,4861.92,49.94,719.43,385.81,15758.46,1444.14
2021-01-27 14:18:52.606032,1313.58,449.78,269.93,4861.92,49.94,719.43,385.81,15758.46,1444.14
2021-01-27 14:19:04.446931,1313.58,449.78,269.93,4861.92,49.94,719.43,385.8,15758.46,1444.14
2021-01-27 14:19:16.055598,1313.49,449.78,269.92,4861.92,49.94,719.43,385.8,15758.46,1444.14
2021-01-27 14:19:27.188773,1313.49,449.78,269.92,4861.81,49.94,719.43,385.8,15758.46,1444.14
2021-01-27 14:19:38.485367,1313.49,449.78,269.92,4861.81,49.94,719.43,385.8,15758.46,1444.14
2021-01-27 14:19:49.556863,1313.49,449.78,269.92,4861.77,49.94,719.43,385.8,15758.46,1444.14
2021-01-27 14:20:00.456498,1313.49,449.78,269.92,4861.77,49.94,719.44,385.79,15757.63,1444.14
2021-01-27 14:20:11.776648,1313.49,449.78,269.92,4861.77,49.94,719.43,385.8,15757.63,1444.14
2021-01-27 14:20:22.931912,1313.49,449.78,269.92,4861.77,49.94,719.43,385.8,15757.63,1444.14
2021-01-27 14:20:34.382222,1313.49,449.78,269.92,4861.77,49.94,719.44,385.8,15757.63,1444.04
2021-01-27 14:20:45.662222,1313.41,449.74,269.92,4861.77,49.94,719.44,385.79,15757.63,1444.04
2021-01-27 14:20:56.808347,1313.41,449.74,269.92,4861.77,49.93,719.44,385.78,15757.63,1444.04
2021-01-27 14:21:08.069453,1313.31,449.77,269.92,4861.77,49.94,719.44,385.79,15757.63,1444.04
2021-01-27 14:21:19.056974,1313.31,449.74,269.91,4861.77,49.93,719.44,385.78,15757.63,1444.04
2021-01-27 14:21:30.100710,1313.31,449.74,269.91,4861.77,49.93,719.44,385.78,15757.63,1444.04
2021-01-27 14:21:41.609753,1313.31,449.74,269.91,4861.75,49.93,719.44,385.78,15757.63,1444.04
2021-01-27 14:21:52.641638,1313.31,449.74,269.91,4861.7,49.93,719.44,385.78,15757.09,1444.01
2021-01-27 14:22:03.784780,1313.31,449.74,269.91,4861.66,49.93,719.43,385.78,15757.09,1444.04
2021-01-27 14:22:15.168344,1313.31,449.74,269.91,4861.66,49.93,719.43,385.78,15757.09,1444.04
2021-01-27 14:22:27.133347,1313.31,449.74,269.91,4861.66,49.93,719.43,385.78,15757.09,1443.81
2021-01-27 14:22:38.096571,1313.31,449.72,269.91,4861.66,49.93,719.43,385.78,15757.09,1443.81
2021-01-27 14:22:49.228040,1313.17,449.72,269.91,4861.66,49.92,719.43,385.78,15757.09,1443.81
2021-01-27 14:23:00.147752,1313.17,449.72,269.91,4861.66,49.92,719.43,385.77,15757.09,1443.81
2021-01-27 14:23:11.915184,1313.17,449.72,269.91,4861.66,49.92,719.43,385.77,15757.09,1443.81
2021-01-27 14:23:23.091901,1313.17,449.72,269.91,4861.66,49.92,719.43,385.77,15757.09,1443.81
2021-01-27 14:23:34.133830,1313.17,449.72,269.91,4861.66,49.92,719.43,385.77,15757.09,1443.81
2021-01-27 14:23:45.826916,1313.17,449.72,269.9,4861.57,49.92,719.42,385.77,15757.09,1443.81
2021-01-27 14:23:57.094209,1313.17,449.72,269.9,4861.57,49.92,719.42,385.77,15756.67,1443.81
2021-01-27 14:24:08.400225,1313.17,449.72,269.9,4861.57,49.92,719.42,385.77,15756.67,1443.72
2021-01-27 14:24:19.634407,1313.17,449.72,269.9,4861.57,49.92,719.42,385.77,15756.67,1443.72
2021-01-27 14:24:30.691562,1313.17,449.72,269.9,4861.57,49.92,719.42,385.77,15756.67,1443.72
2021-01-27 14:24:41.866848,1313.17,449.72,269.9,4861.57,49.92,719.42,385.77,15756.67,1443.72
2021-01-27 14:24:52.910938,1313.06,449.71,269.9,4861.57,49.92,719.42,385.77,15756.67,1443.72
2021-01-27 14:25:04.607248,1313.06,449.71,269.9,4861.57,49.92,719.42,385.75,15756.67,1443.72
2021-01-27 14:25:15.532364,1313.06,449.71,269.9,4861.57,49.92,719.42,385.75,15756.67,1443.72
2021-01-27 14:25:26.484681,1313.06,449.71,269.9,4861.57,49.92,719.42,385.75,15756.67,1443.72
2021-01-27 14:25:37.418999,1313.06,449.71,269.9,4861.57,49.92,719.42,385.75,15756.67,1443.69
2021-01-27 14:25:48.464556,1313.06,449.72,269.9,4861.53,49.92,719.41,385.75,15756.04,1443.69
2021-01-27 14:25:59.406383,1313.06,449.71,269.9,4861.53,49.92,719.41,385.75,15756.04,1443.69
2021-01-27 14:26:10.613687,1313.06,449.72,269.9,4861.53,49.92,719.41,385.75,15756.04,1443.61
2021-01-27 14:26:22.038893,1313.06,449.72,269.9,4861.53,49.92,719.41,385.75,15756.04,1443.63
2021-01-27 14:26:33.125878,1313.0,449.7,269.9,4861.53,49.92,719.41,385.75,15756.04,1443.63
2021-01-27 14:26:44.045049,1313.0,449.7,269.9,4861.53,49.92,719.41,385.75,15756.04,1443.63
2021-01-27 14:26:55.213374,1313.0,449.7,269.9,4861.53,49.92,719.41,385.75,15756.04,1443.63
2021-01-27 14:27:06.147578,1313.0,449.7,269.9,4861.53,49.92,719.41,385.75,15756.04,1443.63
2021-01-27 14:27:16.904440,1312.0,449.58,269.86,4860.06,49.88,719.34,385.61,15749.72,1442.62
2021-01-27 14:42:38.923204,1312.0,449.58,269.86,4860.06,49.88,719.32,385.61,15749.72,1442.62
2021-01-27 14:42:57.120380,1312.0,449.57,269.86,4860.06,49.88,719.32,385.61,15749.72,1442.62
2021-01-27 14:43:28.566725,1311.89,449.57,269.86,4859.96,49.88,719.32,385.58,15749.72,1442.62
2021-01-27 14:43:39.962581,1311.89,449.57,269.86,4859.96,49.88,719.32,385.58,15749.72,1442.62
2021-01-27 14:43:54.700255,1311.89,449.57,269.86,4859.96,49.88,719.32,385.58,15749.31,1442.62
2021-01-27 14:44:22.673748,1311.89,449.57,269.86,4859.96,49.88,719.3,385.58,15748.62,1442.45
2021-01-27 14:44:38.366097,1311.93,449.57,269.86,4859.83,49.88,719.3,385.58,15748.62,1442.45
2021-01-27 14:44:55.548019,1311.71,449.57,269.85,4859.96,49.88,719.3,385.58,15748.62,1442.45
2021-01-27 14:45:11.678627,1311.71,449.55,269.85,4859.96,49.88,719.3,385.56,15748.62,1442.45
2021-01-27 14:45:30.997492,1311.67,449.55,269.85,4859.83,49.88,719.3,385.56,15748.62,1442.45
2021-01-27 14:45:52.653865,1311.71,449.55,269.85,4859.96,49.88,719.29,385.56,15748.45,1442.45
2021-01-27 14:46:13.476778,1311.67,449.55,269.85,4859.78,49.88,719.3,385.56,15748.45,1442.38
2021-01-27 14:46:40.828993,1311.67,449.55,269.85,4859.78,49.88,719.3,385.56,15748.45,1442.38
2021-01-27 14:47:06.050243,1311.64,449.54,269.85,4859.71,49.88,719.29,385.55,15748.11,1442.38
2021-01-27 14:47:27.732243,1311.64,449.54,269.85,4859.78,49.88,719.28,385.55,15748.11,1442.23
2021-01-27 14:48:01.212262,1311.64,449.54,269.85,4859.67,49.88,719.28,385.55,15748.11,1442.23
2021-01-27 14:48:12.481756,1311.64,449.54,269.85,4859.67,49.88,719.28,385.55,15748.11,1442.23
2021-01-27 14:48:23.397143,1311.5,449.54,269.85,4859.67,49.86,719.27,385.55,15748.07,1442.23
2021-01-27 14:48:35.088084,1311.59,449.54,269.85,4859.67,49.86,719.28,385.54,15748.11,1442.23
2021-01-27 14:48:46.060597,1311.59,449.54,269.84,4859.67,49.85,719.27,385.53,15748.07,1442.23
2021-01-27 14:48:57.335804,1311.59,449.54,269.84,4859.67,49.86,719.27,385.54,15748.11,1442.23
2021-01-27 14:49:08.203246,1311.59,449.52,269.84,4859.67,49.86,719.27,385.54,15748.11,1442.23
2021-01-27 14:49:19.140654,1311.5,449.52,269.84,4859.67,49.86,719.27,385.54,15748.07,1442.23
2021-01-27 14:49:30.183931,1311.4,449.52,269.84,4859.67,49.86,719.27,385.54,15747.21,1442.23
2021-01-27 14:49:45.186170,1311.35,449.52,269.84,4859.67,49.86,719.27,385.54,15747.21,1442.04
2021-01-27 14:49:56.688664,1311.35,449.52,269.84,4859.67,49.86,719.27,385.54,15747.21,1442.04
2021-01-27 14:50:07.762265,1311.35,449.52,269.84,4859.46,49.86,719.27,385.54,15747.21,1442.04
2021-01-27 14:50:19.822973,1311.35,449.52,269.84,4859.46,49.85,719.27,385.53,15747.21,1442.04
2021-01-27 14:50:31.137196,1311.35,449.52,269.84,4859.46,49.85,719.26,385.53,15747.21,1442.04
2021-01-27 14:50:42.788182,1311.35,449.52,269.84,4859.46,49.85,719.26,385.5,15747.21,1442.04
2021-01-27 14:50:54.145131,1311.4,449.52,269.83,4859.46,49.85,719.26,385.5,15747.21,1442.04
2021-01-27 14:51:05.354290,1311.4,449.5,269.83,4859.46,49.85,719.26,385.5,15747.21,1442.04
2021-01-27 14:51:16.349072,1311.18,449.5,269.83,4859.46,49.85,719.25,385.5,15747.21,1442.04
2021-01-27 14:51:27.472650,1311.18,449.5,269.83,4859.46,49.85,719.26,385.5,15747.21,1442.04
2021-01-27 14:51:38.863545,1311.18,449.5,269.83,4859.42,49.85,719.26,385.5,15746.63,1441.98
2021-01-27 14:51:50.293480,1311.18,449.5,269.83,4859.42,49.85,719.26,385.5,15746.63,1441.98
2021-01-27 14:52:01.523661,1311.18,449.5,269.83,4859.42,49.85,719.26,385.5,15746.63,1441.98
2021-01-27 14:52:12.763026,1311.18,449.5,269.83,4859.42,49.84,719.26,385.5,15746.63,1441.98
2021-01-27 14:52:23.721665,1311.18,449.5,269.84,4859.42,49.84,719.26,385.5,15746.63,1441.98
2021-01-27 14:52:35.316411,1311.18,449.5,269.84,4859.42,49.84,719.25,385.5,15746.63,1441.98
2021-01-27 14:52:46.384984,1311.18,449.49,269.84,4859.42,49.84,719.25,385.47,15746.63,1441.98
2021-01-27 14:52:57.945830,1311.18,449.49,269.84,4859.42,49.84,719.25,385.47,15746.63,1441.98
2021-01-27 14:53:09.291868,1311.18,449.49,269.84,4859.42,49.84,719.25,385.47,15746.63,1441.98
2021-01-27 14:53:20.781281,1311.13,449.49,269.84,4859.42,49.84,719.25,385.47,15746.1,1441.98
2021-01-27 14:53:32.062560,1311.13,449.49,269.84,4859.42,49.84,719.25,385.46,15746.1,1441.85
2021-01-27 14:53:43.579999,1311.03,449.49,269.84,4859.39,49.84,719.25,385.47,15746.1,1441.85
2021-01-27 14:53:54.642227,1311.03,449.49,269.84,4859.32,49.84,719.25,385.46,15746.1,1441.85
2021-01-27 14:54:05.706900,1311.13,449.49,269.84,4859.32,49.84,719.25,385.47,15746.1,1441.85
2021-01-27 14:54:17.157440,1311.13,449.49,269.84,4859.32,49.84,719.25,385.47,15746.1,1441.85
2021-01-27 14:54:28.950116,1311.13,449.49,269.84,4859.32,49.84,719.25,385.46,15746.1,1441.85
2021-01-27 14:54:40.305352,1311.13,449.49,269.84,4859.32,49.84,719.25,385.46,15746.1,1441.85
2021-01-27 14:54:52.040208,1311.13,449.48,269.84,4859.32,49.84,719.25,385.46,15746.1,1441.85
2021-01-27 14:55:03.043007,1310.93,449.48,269.84,4859.31,49.84,719.25,385.46,15746.1,1441.85
2021-01-27 14:55:14.333919,1310.93,449.48,269.84,4859.31,49.84,719.25,385.43,15746.1,1441.85
2021-01-27 14:55:25.702032,1310.93,449.48,269.84,4859.31,49.84,719.25,385.43,15746.1,1441.77
2021-01-27 14:55:36.985516,1310.93,449.48,269.84,4859.31,49.84,719.25,385.43,15746.1,1441.79
2021-01-27 14:55:57.639240,1310.93,449.48,269.84,4859.31,49.84,719.25,385.43,15744.44,1441.77
2021-01-27 14:56:16.437993,1310.93,449.48,269.84,4859.31,49.84,719.25,385.43,15744.44,1441.77
2021-01-27 14:56:44.828832,1310.95,449.48,269.84,4859.31,49.84,719.25,385.43,15744.44,1441.79
2021-01-27 14:56:59.268579,1310.95,449.48,269.84,4859.31,49.83,719.25,385.39,15744.44,1441.69
2021-01-27 14:57:12.858040,1310.8,449.48,269.84,4859.31,49.83,719.25,385.39,15744.08,1441.69
2021-01-27 14:57:27.703744,1310.8,449.48,269.84,4859.33,49.83,719.25,385.38,15744.44,1441.69
2021-01-27 14:57:41.586723,1310.8,449.48,269.84,4859.33,49.83,719.24,385.39,15744.08,1441.69
2021-01-27 14:57:58.484548,1310.8,449.48,269.84,4859.33,49.83,719.24,385.38,15744.08,1441.69
2021-01-27 14:58:14.651921,1310.8,449.48,269.84,4859.33,49.83,719.24,385.39,15744.08,1441.69
2021-01-27 14:58:31.500047,1310.8,449.48,269.84,4859.33,49.83,719.24,385.38,15744.08,1441.69
2021-01-27 14:58:43.839714,1310.69,449.48,269.84,4859.36,49.83,719.24,385.36,15744.08,1441.69
2021-01-27 14:58:57.002141,1310.69,449.48,269.84,4859.36,49.82,719.24,385.36,15744.08,1441.69
2021-01-27 14:59:12.237525,1310.69,449.48,269.84,4859.36,49.82,719.24,385.36,15744.08,1441.49
2021-01-27 14:59:29.237585,1310.69,449.48,269.84,4859.36,49.82,719.24,385.36,15743.86,1441.49
2021-01-27 14:59:44.671569,1310.69,449.48,269.84,4859.36,49.82,719.24,385.36,15743.86,1441.49
2021-01-27 15:00:03.795551,1310.69,449.48,269.84,4859.36,49.82,719.24,385.36,15743.86,1441.49
2021-01-27 15:00:18.075539,1310.69,449.47,269.84,4859.36,49.82,719.24,385.36,15743.64,1441.49
2021-01-27 15:00:43.338272,1310.65,449.47,269.84,4859.36,49.82,719.24,385.36,15743.64,1441.52
2021-01-27 15:00:59.803724,1310.64,449.47,269.84,4859.36,49.82,719.24,385.34,15743.64,1441.31
2021-01-27 15:01:16.812932,1310.64,449.47,269.84,4859.36,49.82,719.24,385.34,15743.64,1441.31
2021-01-27 15:01:30.780683,1310.65,449.47,269.84,4859.36,49.82,719.24,385.34,15743.64,1441.31
2021-01-27 15:01:45.609405,1310.64,449.47,269.84,4859.36,49.82,719.23,385.34,15743.64,1441.31
2021-01-27 15:02:01.192343,1310.64,449.46,269.83,4859.36,49.82,719.23,385.34,15743.64,1441.31
2021-01-27 15:02:16.262765,1310.64,449.46,269.83,4859.36,49.82,719.23,385.34,15742.11,1441.31
2021-01-27 15:02:35.689789,1310.49,449.46,269.83,4859.34,49.82,719.23,385.34,15742.11,1440.96
2021-01-27 15:03:05.127283,1310.49,449.46,269.83,4859.34,49.81,719.23,385.28,15742.35,1440.96
2021-01-27 15:03:29.091190,1310.49,449.46,269.83,4859.34,49.81,719.23,385.28,15742.11,1440.96
2021-01-27 15:03:44.955010,1310.55,449.46,269.83,4859.34,49.81,719.23,385.28,15742.11,1440.96
2021-01-27 15:03:58.259646,1310.55,449.46,269.83,4859.34,49.81,719.23,385.28,15742.35,1440.96
2021-01-27 15:04:11.540771,1310.49,449.46,269.83,4859.34,49.81,719.23,385.28,15742.35,1440.9
2021-01-27 15:04:23.638559,1310.33,449.46,269.83,4859.34,49.81,719.23,385.28,15740.01,1440.9
2021-01-27 15:04:43.231610,1310.41,449.46,269.83,4859.27,49.81,719.21,385.26,15740.01,1440.72
2021-01-27 15:04:58.064949,1310.41,449.46,269.83,4859.27,49.8,719.21,385.26,15740.01,1440.72
2021-01-27 15:05:18.247221,1310.41,449.46,269.83,4859.27,49.8,719.21,385.26,15740.01,1440.72
2021-01-27 15:05:34.487913,1310.41,449.44,269.83,4859.27,49.8,719.21,385.26,15740.01,1440.72
2021-01-27 15:05:48.979561,1310.41,449.44,269.82,4859.27,49.8,719.2,385.23,15740.01,1440.58
2021-01-27 15:06:03.867654,1310.33,449.44,269.82,4859.18,49.8,719.21,385.26,15740.01,1440.72
2021-01-27 15:06:19.171425,1310.23,449.44,269.82,4859.27,49.8,719.21,385.26,15738.21,1440.58
2021-01-27 15:06:41.205075,1310.26,449.44,269.82,4859.18,49.8,719.2,385.23,15738.21,1440.34
2021-01-27 15:06:57.562694,1310.23,449.44,269.82,4859.18,49.8,719.2,385.23,15738.21,1440.42
2021-01-27 15:07:10.724895,1310.23,449.44,269.82,4859.18,49.79,719.2,385.2,15738.21,1440.34
2021-01-27 15:07:31.311235,1310.26,449.45,269.81,4859.18,49.79,719.2,385.2,15738.21,1440.42
2021-01-27 15:07:52.344182,1310.23,449.44,269.81,4859.18,49.79,719.2,385.21,15738.21,1440.42
2021-01-27 15:08:06.924037,1310.18,449.43,269.81,4859.18,49.79,719.2,385.21,15738.21,1440.42
2021-01-27 15:08:26.347581,1310.18,449.43,269.81,4859.12,49.79,719.2,385.21,15735.14,1440.42
2021-01-27 15:08:39.258679,1310.18,449.43,269.81,4859.12,49.79,719.19,385.2,15735.14,1440.42
2021-01-27 15:08:51.908098,1310.18,449.43,269.81,4859.15,49.78,719.19,385.2,15735.14,1440.42
2021-01-27 15:09:05.758554,1310.18,449.43,269.81,4859.15,49.78,719.19,385.14,15735.14,1440.15
2021-01-27 15:09:22.090601,1310.18,449.43,269.81,4859.12,49.78,719.19,385.14,15735.14,1440.15
2021-01-27 15:09:35.440178,1310.18,449.43,269.81,4859.12,49.78,719.19,385.14,15735.14,1440.15
2021-01-27 15:09:47.572142,1310.18,449.43,269.81,4859.12,49.78,719.19,385.14,15735.14,1440.15
2021-01-27 15:10:09.924450,1310.06,449.43,269.81,4859.15,49.78,719.19,385.14,15735.14,1440.06
2021-01-27 15:10:26.577586,1310.06,449.43,269.81,4859.08,49.78,719.11,385.14,15735.14,1440.06
2021-01-27 15:10:40.873428,1310.06,449.43,269.81,4859.08,49.78,719.19,385.14,15735.14,1440.15
2021-01-27 15:10:55.814186,1310.06,449.43,269.81,4859.08,49.78,719.19,385.14,15734.68,1440.06
2021-01-27 15:11:16.047533,1310.06,449.43,269.8,4859.08,49.78,719.11,385.1,15734.68,1440.06
2021-01-27 15:11:30.368912,1310.06,449.41,269.8,4859.08,49.77,719.11,385.1,15734.68,1440.06
2021-01-27 15:11:43.459037,1310.06,449.41,269.8,4858.93,49.77,719.11,385.1,15734.68,1440.06
2021-01-27 15:11:55.355778,1310.1,449.41,269.8,4858.93,49.77,719.11,385.1,15734.68,1440.06
2021-01-27 15:12:10.256831,1309.99,449.42,269.8,4858.93,49.77,719.11,385.1,15733.11,1439.68
2021-01-27 15:12:29.725675,1309.99,449.42,269.8,4858.93,49.77,719.11,385.1,15733.88,1439.68
2021-01-27 15:12:41.651530,1309.99,449.41,269.8,4858.93,49.77,719.07,385.1,15733.11,1439.68
2021-01-27 15:12:55.283792,1309.99,449.42,269.8,4858.93,49.77,719.07,385.1,15733.11,1439.68
2021-01-27 15:13:07.838747,1309.99,449.41,269.79,4858.93,49.77,719.07,385.03,15733.11,1439.68
2021-01-27 15:13:20.758271,1309.99,449.41,269.79,4858.93,49.77,719.07,385.03,15733.11,1439.68
2021-01-27 15:13:36.446871,1309.99,449.41,269.79,4858.93,49.75,719.07,385.03,15733.11,1439.68
2021-01-27 15:13:51.593489,1309.99,449.41,269.79,4858.83,49.75,719.07,385.03,15733.11,1439.68
2021-01-27 15:14:04.914449,1309.99,449.41,269.79,4858.83,49.75,719.07,385.03,15733.11,1439.53
2021-01-27 15:14:18.055877,1309.99,449.41,269.79,4858.83,49.75,719.07,385.03,15730.44,1439.53
2021-01-27 15:14:32.104695,1309.85,449.41,269.79,4858.85,49.76,719.07,385.03,15730.44,1439.53
2021-01-27 15:14:43.985065,1309.85,449.41,269.77,4858.83,49.75,719.05,385.03,15730.44,1439.53
2021-01-27 15:14:55.359648,1309.85,449.41,269.77,4858.83,49.75,719.05,385.03,15730.44,1439.53
2021-01-27 15:15:10.825202,1309.85,449.41,269.77,4858.83,49.75,719.05,385.03,15730.44,1439.53
2021-01-27 15:15:24.953292,1309.85,449.4,269.77,4858.83,49.75,719.05,385.03,15730.44,1439.53
2021-01-27 15:15:39.088697,1309.74,449.4,269.77,4858.64,49.74,719.05,384.97,15730.44,1439.53
2021-01-27 15:15:53.559473,1309.74,449.4,269.77,4858.7,49.74,719.05,384.96,15729.01,1439.53
2021-01-27 15:16:05.396646,1309.74,449.4,269.77,4858.7,49.74,719.05,384.96,15729.01,1439.53
2021-01-27 15:16:17.586294,1309.74,449.4,269.77,4858.7,49.74,719.05,384.96,15729.01,1439.33
